AD;AD-02;Canillo
AD;AD-03;Encamp
AD;AD-04;La Massana
AD;AD-05;Ordino
AD;AD-06;Sant Julia de Loria
AD;AD-07;Andorra la Vella
AD;AD-08;Escaldes-Engordany
AE;AE-AJ;'Ajman
AE;AE-AZ;Abu Zaby
AE;AE-DU;Dubayy
AE;AE-FU;Al Fujayrah
AE;AE-RK;Ra's al Khaymah
AE;AE-SH;Ash Shariqah
AE;AE-UQ;Umm al Qaywayn
AF;AF-BAL;Balkh
AF;AF-BAM;Bamyan
AF;AF-BDG;Badghis
AF;AF-BGL;Baghlan
AF;AF-DAY;Daykundi
AF;AF-FRA;Farah
AF;AF-FYB;Faryab
AF;AF-GHA;Ghazni
AF;AF-GHO;Ghor
AF;AF-HEL;Helmand
AF;AF-HER;Herat
AF;AF-JOW;Jowzjan
AF;AF-KAB;Kabul
AF;AF-KAN;Kandahar
AF;AF-KDZ;Kunduz
AF;AF-KHO;Khost
AF;AF-LAG;Laghman
AF;AF-LOG;Logar
AF;AF-NAN;Nangarhar
AF;AF-NIM;Nimroz
AF;AF-PAR;Parwan
AF;AF-PIA;Paktiya
AF;AF-PKA;Paktika
AF;AF-SAM;Samangan
AF;AF-SAR;Sar-e Pul
AF;AF-TAK;Takhar
AF;AF-URU;Uruzgan
AG;AG-03;Saint George
AG;AG-04;Saint John
AG;AG-05;Saint Mary
AG;AG-07;Saint Peter
AG;AG-08;Saint Philip
AG;AG-10;Barbuda
AG;AG-11;Redonda
AL;AL-01;Berat
AL;AL-02;Durres
AL;AL-03;Elbasan
AL;AL-04;Fier
AL;AL-05;Gjirokaster
AL;AL-06;Korce
AL;AL-07;Kukes
AL;AL-08;Lezhe
AL;AL-09;Diber
AL;AL-10;Shkoder
AL;AL-11;Tirane
AL;AL-12;Vlore
AM;AM-AG;Aragacotn
AM;AM-AR;Ararat
AM;AM-AV;Armavir
AM;AM-ER;Erevan
AM;AM-GR;Gegark'unik'
AM;AM-KT;Kotayk'
AM;AM-LO;Lori
AM;AM-SH;Sirak
AM;AM-SU;Syunik'
AM;AM-TV;Tavus
AM;AM-VD;Vayoc Jor
AO;AO-BGO;Bengo
AO;AO-BGU;Benguela
AO;AO-BIE;Bie
AO;AO-CAB;Cabinda
AO;AO-CCU;Cuando Cubango
AO;AO-CNN;Cunene
AO;AO-CNO;Cuanza-Norte
AO;AO-CUS;Cuanza-Sul
AO;AO-HUA;Huambo
AO;AO-HUI;Huila
AO;AO-LNO;Lunda-Norte
AO;AO-LSU;Lunda-Sul
AO;AO-LUA;Luanda
AO;AO-MAL;Malange
AO;AO-MOX;Moxico
AO;AO-NAM;Namibe
AO;AO-UIG;Uige
AO;AO-ZAI;Zaire
AR;AR-A;Salta
AR;AR-B;Buenos Aires
AR;AR-C;Ciudad Autonoma de Buenos Aires
AR;AR-D;San Luis
AR;AR-E;Entre Rios
AR;AR-F;La Rioja
AR;AR-G;Santiago del Estero
AR;AR-H;Chaco
AR;AR-J;San Juan
AR;AR-K;Catamarca
AR;AR-L;La Pampa
AR;AR-M;Mendoza
AR;AR-N;Misiones
AR;AR-P;Formosa
AR;AR-Q;Neuquen
AR;AR-R;Rio Negro
AR;AR-S;Santa Fe
AR;AR-T;Tucuman
AR;AR-U;Chubut
AR;AR-V;Tierra del Fuego
AR;AR-W;Corrientes
AR;AR-X;Cordoba
AR;AR-Y;Jujuy
AR;AR-Z;Santa Cruz
AT;AT-1;Burgenland
AT;AT-2;Karnten
AT;AT-3;Niederosterreich
AT;AT-4;Oberosterreich
AT;AT-5;Salzburg
AT;AT-6;Steiermark
AT;AT-7;Tirol
AT;AT-8;Vorarlberg
AT;AT-9;Wien
AU;AU-ACT;Australian Capital Territory
AU;AU-NSW;New South Wales
AU;AU-NT;Northern Territory
AU;AU-QLD;Queensland
AU;AU-SA;South Australia
AU;AU-TAS;Tasmania
AU;AU-VIC;Victoria
AU;AU-WA;Western Australia
AZ;AZ-ABS;Abseron
AZ;AZ-AGA;Agstafa
AZ;AZ-AGC;Agcabadi
AZ;AZ-AGS;Agdas
AZ;AZ-AGU;Agsu
AZ;AZ-AST;Astara
AZ;AZ-BA;Baki
AZ;AZ-BAL;Balakan
AZ;AZ-BAR;Barda
AZ;AZ-BEY;Beylaqan
AZ;AZ-CAL;Calilabad
AZ;AZ-DAS;Daskasan
AZ;AZ-FUZ;Fuzuli
AZ;AZ-GA;Ganca
AZ;AZ-GAD;Gadabay
AZ;AZ-GOY;Goycay
AZ;AZ-GYG;Goygol
AZ;AZ-IMI;Imisli
AZ;AZ-ISM;Ismayilli
AZ;AZ-KUR;Kurdamir
AZ;AZ-LA;Lankaran
AZ;AZ-MAS;Masalli
AZ;AZ-MI;Mingacevir
AZ;AZ-NEF;Neftcala
AZ;AZ-NX;Naxcivan
AZ;AZ-OGU;Oguz
AZ;AZ-QAB;Qabala
AZ;AZ-QAZ;Qazax
AZ;AZ-QBA;Quba
AZ;AZ-QUS;Qusar
AZ;AZ-SAB;Sabirabad
AZ;AZ-SAK;Saki
AZ;AZ-SAL;Salyan
AZ;AZ-SAT;Saatli
AZ;AZ-SIY;Siyazan
AZ;AZ-SKR;Samkir
AZ;AZ-SM;Sumqayit
AZ;AZ-SMI;Samaxi
AZ;AZ-SMX;Samux
AZ;AZ-SR;Sirvan
AZ;AZ-TAR;Tartar
AZ;AZ-TOV;Tovuz
AZ;AZ-UCA;Ucar
AZ;AZ-XAC;Xacmaz
AZ;AZ-XIZ;Xizi
AZ;AZ-YAR;Yardimli
AZ;AZ-YEV;Yevlax
AZ;AZ-ZAQ;Zaqatala
AZ;AZ-ZAR;Zardab
BA;BA-BIH;Federacija Bosne i Hercegovine
BA;BA-BRC;Brcko distrikt
BA;BA-SRP;Republika Srpska
BB;BB-01;Christ Church
BB;BB-02;Saint Andrew
BB;BB-03;Saint George
BB;BB-04;Saint James
BB;BB-05;Saint John
BB;BB-07;Saint Lucy
BB;BB-08;Saint Michael
BB;BB-09;Saint Peter
BB;BB-10;Saint Philip
BB;BB-11;Saint Thomas
BD;BD-A;Barishal
BD;BD-B;Chattogram
BD;BD-C;Dhaka
BD;BD-D;Khulna
BD;BD-E;Rajshahi
BD;BD-F;Rangpur
BD;BD-G;Sylhet
BE;BE-BRU;Brussels Hoofdstedelijk Gewest
BE;BE-VAN;Antwerpen
BE;BE-VBR;Vlaams-Brabant
BE;BE-VLI;Limburg
BE;BE-VOV;Oost-Vlaanderen
BE;BE-VWV;West-Vlaanderen
BE;BE-WBR;Brabant wallon
BE;BE-WHT;Hainaut
BE;BE-WLG;Liege
BE;BE-WLX;Luxembourg
BE;BE-WNA;Namur
BF;BF-BAL;Bale
BF;BF-BAM;Bam
BF;BF-BAN;Banwa
BF;BF-BAZ;Bazega
BF;BF-BGR;Bougouriba
BF;BF-BLG;Boulgou
BF;BF-BLK;Boulkiemde
BF;BF-COM;Comoe
BF;BF-GAN;Ganzourgou
BF;BF-GNA;Gnagna
BF;BF-GOU;Gourma
BF;BF-HOU;Houet
BF;BF-IOB;Ioba
BF;BF-KAD;Kadiogo
BF;BF-KEN;Kenedougou
BF;BF-KMP;Kompienga
BF;BF-KOS;Kossi
BF;BF-KOT;Kouritenga
BF;BF-KOW;Kourweogo
BF;BF-LER;Leraba
BF;BF-LOR;Loroum
BF;BF-MOU;Mouhoun
BF;BF-NAM;Namentenga
BF;BF-NAO;Nahouri
BF;BF-NAY;Nayala
BF;BF-OUB;Oubritenga
BF;BF-OUD;Oudalan
BF;BF-PAS;Passore
BF;BF-SEN;Seno
BF;BF-SIS;Sissili
BF;BF-SMT;Sanmatenga
BF;BF-SOM;Soum
BF;BF-SOR;Sourou
BF;BF-TAP;Tapoa
BF;BF-TUI;Tuy
BF;BF-YAT;Yatenga
BF;BF-ZIR;Ziro
BF;BF-ZON;Zondoma
BF;BF-ZOU;Zoundweogo
BG;BG-01;Blagoevgrad
BG;BG-02;Burgas
BG;BG-03;Varna
BG;BG-04;Veliko Tarnovo
BG;BG-05;Vidin
BG;BG-06;Vratsa
BG;BG-07;Gabrovo
BG;BG-08;Dobrich
BG;BG-09;Kardzhali
BG;BG-10;Kyustendil
BG;BG-11;Lovech
BG;BG-12;Montana
BG;BG-13;Pazardzhik
BG;BG-14;Pernik
BG;BG-15;Pleven
BG;BG-16;Plovdiv
BG;BG-17;Razgrad
BG;BG-18;Ruse
BG;BG-19;Silistra
BG;BG-20;Sliven
BG;BG-21;Smolyan
BG;BG-22;Sofia (stolitsa)
BG;BG-23;Sofia
BG;BG-24;Stara Zagora
BG;BG-25;Targovishte
BG;BG-26;Haskovo
BG;BG-27;Shumen
BG;BG-28;Yambol
BH;BH-13;Al 'Asimah
BH;BH-14;Al Janubiyah
BH;BH-15;Al Muharraq
BH;BH-17;Ash Shamaliyah
BI;BI-BM;Bujumbura Mairie
BI;BI-BR;Bururi
BI;BI-CI;Cibitoke
BI;BI-GI;Gitega
BI;BI-KI;Kirundo
BI;BI-MW;Mwaro
BI;BI-NG;Ngozi
BI;BI-RM;Rumonge
BI;BI-RT;Rutana
BI;BI-RY;Ruyigi
BJ;BJ-AK;Atacora
BJ;BJ-AQ;Atlantique
BJ;BJ-BO;Borgou
BJ;BJ-CO;Collines
BJ;BJ-DO;Donga
BJ;BJ-LI;Littoral
BJ;BJ-MO;Mono
BJ;BJ-OU;Oueme
BJ;BJ-PL;Plateau
BJ;BJ-ZO;Zou
BN;BN-BE;Belait
BN;BN-BM;Brunei-Muara
BN;BN-TE;Temburong
BN;BN-TU;Tutong
BO;BO-B;El Beni
BO;BO-C;Cochabamba
BO;BO-H;Chuquisaca
BO;BO-L;La Paz
BO;BO-N;Pando
BO;BO-O;Oruro
BO;BO-P;Potosi
BO;BO-S;Santa Cruz
BO;BO-T;Tarija
BQ;BQ-BO;Bonaire
BQ;BQ-SA;Saba
BQ;BQ-SE;Sint Eustatius
BR;BR-AC;Acre
BR;BR-AL;Alagoas
BR;BR-AM;Amazonas
BR;BR-AP;Amapa
BR;BR-BA;Bahia
BR;BR-CE;Ceara
BR;BR-DF;Distrito Federal
BR;BR-ES;Espirito Santo
BR;BR-GO;Goias
BR;BR-MA;Maranhao
BR;BR-MG;Minas Gerais
BR;BR-MS;Mato Grosso do Sul
BR;BR-MT;Mato Grosso
BR;BR-PA;Para
BR;BR-PB;Paraiba
BR;BR-PE;Pernambuco
BR;BR-PI;Piaui
BR;BR-PR;Parana
BR;BR-RJ;Rio de Janeiro
BR;BR-RN;Rio Grande do Norte
BR;BR-RO;Rondonia
BR;BR-RR;Roraima
BR;BR-RS;Rio Grande do Sul
BR;BR-SC;Santa Catarina
BR;BR-SE;Sergipe
BR;BR-SP;Sao Paulo
BR;BR-TO;Tocantins
BS;BS-BP;Black Point
BS;BS-CO;Central Abaco
BS;BS-EG;East Grand Bahama
BS;BS-FP;City of Freeport
BS;BS-HI;Harbour Island
BS;BS-LI;Long Island
BS;BS-NE;North Eleuthera
BS;BS-NP;New Providence
BS;BS-NS;North Andros
BS;BS-SE;South Eleuthera
BS;BS-SS;San Salvador
BS;BS-WG;West Grand Bahama
BT;BT-11;Paro
BT;BT-12;Chhukha
BT;BT-14;Samtse
BT;BT-15;Thimphu
BT;BT-21;Tsirang
BT;BT-22;Dagana
BT;BT-23;Punakha
BT;BT-24;Wangdue Phodrang
BT;BT-31;Sarpang
BT;BT-32;Trongsa
BT;BT-33;Bumthang
BT;BT-34;Zhemgang
BT;BT-41;Trashigang
BT;BT-42;Monggar
BT;BT-43;Pema Gatshel
BT;BT-44;Lhuentse
BT;BT-45;Samdrup Jongkhar
BT;BT-GA;Gasa
BW;BW-CE;Central
BW;BW-CH;Chobe
BW;BW-GH;Ghanzi
BW;BW-KL;Kgatleng
BW;BW-KW;Kweneng
BW;BW-NE;North East
BW;BW-NW;North West
BW;BW-SE;South East
BW;BW-SO;Southern
BY;BY-BR;Brestskaya voblasts'
BY;BY-HM;Horad Minsk
BY;BY-HO;Homyel'skaya voblasts'
BY;BY-HR;Hrodzyenskaya voblasts'
BY;BY-MA;Mahilyowskaya voblasts'
BY;BY-MI;Minskaya voblasts'
BY;BY-VI;Vitsyebskaya voblasts'
BZ;BZ-BZ;Belize
BZ;BZ-CY;Cayo
BZ;BZ-CZL;Corozal
BZ;BZ-OW;Orange Walk
BZ;BZ-SC;Stann Creek
BZ;BZ-TOL;Toledo
CA;CA-AB;Alberta
CA;CA-BC;British Columbia
CA;CA-MB;Manitoba
CA;CA-NB;New Brunswick
CA;CA-NL;Newfoundland and Labrador
CA;CA-NS;Nova Scotia
CA;CA-NT;Northwest Territories
CA;CA-NU;Nunavut
CA;CA-ON;Ontario
CA;CA-PE;Prince Edward Island
CA;CA-QC;Quebec
CA;CA-SK;Saskatchewan
CA;CA-YT;Yukon
CD;CD-EQ;Equateur
CD;CD-HK;Haut-Katanga
CD;CD-HL;Haut-Lomami
CD;CD-IT;Ituri
CD;CD-KC;Kasai Central
CD;CD-KE;Kasai Oriental
CD;CD-KN;Kinshasa
CD;CD-KS;Kasai
CD;CD-LU;Lualaba
CD;CD-MA;Maniema
CD;CD-NK;Nord-Kivu
CD;CD-SA;Sankuru
CD;CD-SK;Sud-Kivu
CD;CD-TA;Tanganyika
CD;CD-TO;Tshopo
CF;CF-AC;Ouham
CF;CF-BB;Bamingui-Bangoran
CF;CF-BGF;Bangui
CF;CF-HS;Mambere-Kadei
CF;CF-KB;Gribingui
CF;CF-KG;Kemo-Gribingui
CF;CF-NM;Nana-Mambere
CF;CF-OP;Ouham-Pende
CF;CF-UK;Ouaka
CF;CF-VK;Vakaga
CG;CG-11;Bouenza
CG;CG-13;Sangha
CG;CG-14;Plateaux
CG;CG-16;Pointe-Noire
CG;CG-8;Cuvette
CG;CG-9;Niari
CG;CG-BZV;Brazzaville
CI;CI-AB;Abidjan
CI;CI-BS;Bas-Sassandra
CI;CI-CM;Comoe
CI;CI-DN;Denguele
CI;CI-GD;Goh-Djiboua
CI;CI-LC;Lacs
CI;CI-LG;Lagunes
CI;CI-MG;Montagnes
CI;CI-SM;Sassandra-Marahoue
CI;CI-SV;Savanes
CI;CI-VB;Vallee du Bandama
CI;CI-WR;Woroba
CI;CI-YM;Yamoussoukro
CI;CI-ZZ;Zanzan
CL;CL-AI;Aisen del General Carlos Ibanez del Campo
CL;CL-AN;Antofagasta
CL;CL-AP;Arica y Parinacota
CL;CL-AR;La Araucania
CL;CL-AT;Atacama
CL;CL-BI;Biobio
CL;CL-CO;Coquimbo
CL;CL-LI;Libertador General Bernardo O'Higgins
CL;CL-LL;Los Lagos
CL;CL-LR;Los Rios
CL;CL-MA;Magallanes
CL;CL-ML;Maule
CL;CL-NB;Nuble
CL;CL-RM;Region Metropolitana de Santiago
CL;CL-TA;Tarapaca
CL;CL-VS;Valparaiso
CM;CM-AD;Adamaoua
CM;CM-CE;Centre
CM;CM-EN;Extreme-Nord
CM;CM-ES;Est
CM;CM-LT;Littoral
CM;CM-NO;Nord
CM;CM-NW;Nord-Ouest
CM;CM-OU;Ouest
CM;CM-SU;Sud
CM;CM-SW;Sud-Ouest
CN;CN-AH;Anhui
CN;CN-BJ;Beijing
CN;CN-CQ;Chongqing
CN;CN-FJ;Fujian
CN;CN-GD;Guangdong
CN;CN-GS;Gansu
CN;CN-GX;Guangxi Zhuangzu
CN;CN-GZ;Guizhou
CN;CN-HA;Henan
CN;CN-HB;Hubei
CN;CN-HE;Hebei
CN;CN-HI;Hainan
CN;CN-HL;Heilongjiang
CN;CN-HN;Hunan
CN;CN-JL;Jilin
CN;CN-JS;Jiangsu
CN;CN-JX;Jiangxi
CN;CN-LN;Liaoning
CN;CN-NM;Nei Mongol
CN;CN-NX;Ningxia Huizu
CN;CN-QH;Qinghai
CN;CN-SC;Sichuan
CN;CN-SD;Shandong
CN;CN-SH;Shanghai
CN;CN-SN;Shaanxi
CN;CN-SX;Shanxi
CN;CN-TJ;Tianjin
CN;CN-XJ;Xinjiang Uygur
CN;CN-XZ;Xizang
CN;CN-YN;Yunnan
CN;CN-ZJ;Zhejiang
CO;CO-AMA;Amazonas
CO;CO-ANT;Antioquia
CO;CO-ARA;Arauca
CO;CO-ATL;Atlantico
CO;CO-BOL;Bolivar
CO;CO-BOY;Boyaca
CO;CO-CAL;Caldas
CO;CO-CAQ;Caqueta
CO;CO-CAS;Casanare
CO;CO-CAU;Cauca
CO;CO-CES;Cesar
CO;CO-COR;Cordoba
CO;CO-CUN;Cundinamarca
CO;CO-CHO;Choco
CO;CO-DC;Distrito Capital de Bogota
CO;CO-GUA;Guainia
CO;CO-GUV;Guaviare
CO;CO-HUI;Huila
CO;CO-LAG;La Guajira
CO;CO-MAG;Magdalena
CO;CO-MET;Meta
CO;CO-NAR;Narino
CO;CO-NSA;Norte de Santander
CO;CO-PUT;Putumayo
CO;CO-QUI;Quindio
CO;CO-RIS;Risaralda
CO;CO-SAN;Santander
CO;CO-SAP;San Andres, Providencia y Santa Catalina
CO;CO-SUC;Sucre
CO;CO-TOL;Tolima
CO;CO-VAC;Valle del Cauca
CO;CO-VID;Vichada
CR;CR-A;Alajuela
CR;CR-C;Cartago
CR;CR-G;Guanacaste
CR;CR-H;Heredia
CR;CR-L;Limon
CR;CR-P;Puntarenas
CR;CR-SJ;San Jose
CU;CU-01;Pinar del Rio
CU;CU-03;La Habana
CU;CU-04;Matanzas
CU;CU-05;Villa Clara
CU;CU-06;Cienfuegos
CU;CU-07;Sancti Spiritus
CU;CU-08;Ciego de Avila
CU;CU-09;Camaguey
CU;CU-10;Las Tunas
CU;CU-11;Holguin
CU;CU-12;Granma
CU;CU-13;Santiago de Cuba
CU;CU-14;Guantanamo
CU;CU-15;Artemisa
CU;CU-16;Mayabeque
CU;CU-99;Isla de la Juventud
CV;CV-BR;Brava
CV;CV-BV;Boa Vista
CV;CV-MO;Mosteiros
CV;CV-PN;Porto Novo
CV;CV-PR;Praia
CV;CV-RS;Ribeira Grande de Santiago
CV;CV-SL;Sal
CV;CV-SV;Sao Vicente
CV;CV-TA;Tarrafal
CY;CY-01;Lefkosia
CY;CY-02;Lemesos
CY;CY-03;Larnaka
CY;CY-04;Ammochostos
CY;CY-05;Pafos
CY;CY-06;Keryneia
CZ;CZ-10;Praha, Hlavni mesto
CZ;CZ-20;Stredocesky kraj
CZ;CZ-31;Jihocesky kraj
CZ;CZ-32;Plzensky kraj
CZ;CZ-41;Karlovarsky kraj
CZ;CZ-42;Ustecky kraj
CZ;CZ-51;Liberecky kraj
CZ;CZ-52;Kralovehradecky kraj
CZ;CZ-53;Pardubicky kraj
CZ;CZ-63;Kraj Vysocina
CZ;CZ-64;Jihomoravsky kraj
CZ;CZ-71;Olomoucky kraj
CZ;CZ-72;Zlinsky kraj
CZ;CZ-80;Moravskoslezsky kraj
CH;CH-AG;Aargau
CH;CH-AI;Appenzell Innerrhoden
CH;CH-AR;Appenzell Ausserrhoden
CH;CH-BE;Bern
CH;CH-BL;Basel-Landschaft
CH;CH-BS;Basel-Stadt
CH;CH-FR;Fribourg
CH;CH-GE;Geneve
CH;CH-GL;Glarus
CH;CH-GR;Graubunden
CH;CH-JU;Jura
CH;CH-LU;Luzern
CH;CH-NE;Neuchatel
CH;CH-NW;Nidwalden
CH;CH-OW;Obwalden
CH;CH-SG;Sankt Gallen
CH;CH-SH;Schaffhausen
CH;CH-SO;Solothurn
CH;CH-SZ;Schwyz
CH;CH-TG;Thurgau
CH;CH-TI;Ticino
CH;CH-UR;Uri
CH;CH-VD;Vaud
CH;CH-VS;Valais
CH;CH-ZG;Zug
CH;CH-ZH;Zurich
DE;DE-BB;Brandenburg
DE;DE-BE;Berlin
DE;DE-BW;Baden-Wurttemberg
DE;DE-BY;Bayern
DE;DE-HB;Bremen
DE;DE-HE;Hessen
DE;DE-HH;Hamburg
DE;DE-MV;Mecklenburg-Vorpommern
DE;DE-NI;Niedersachsen
DE;DE-NW;Nordrhein-Westfalen
DE;DE-RP;Rheinland-Pfalz
DE;DE-SH;Schleswig-Holstein
DE;DE-SL;Saarland
DE;DE-SN;Sachsen
DE;DE-ST;Sachsen-Anhalt
DE;DE-TH;Thuringen
DJ;DJ-AR;Arta
DJ;DJ-DI;Dikhil
DJ;DJ-DJ;Djibouti
DK;DK-81;Nordjylland
DK;DK-82;Midtjylland
DK;DK-83;Syddanmark
DK;DK-84;Hovedstaden
DK;DK-85;Sjaelland
DM;DM-02;Saint Andrew
DM;DM-04;Saint George
DM;DM-05;Saint John
DM;DM-06;Saint Joseph
DM;DM-07;Saint Luke
DM;DM-09;Saint Patrick
DM;DM-10;Saint Paul
DO;DO-01;Distrito Nacional (Santo Domingo)
DO;DO-02;Azua
DO;DO-03;Baoruco
DO;DO-04;Barahona
DO;DO-05;Dajabon
DO;DO-06;Duarte
DO;DO-07;Elias Pina
DO;DO-08;El Seibo
DO;DO-09;Espaillat
DO;DO-10;Independencia
DO;DO-11;La Altagracia
DO;DO-12;La Romana
DO;DO-13;La Vega
DO;DO-14;Maria Trinidad Sanchez
DO;DO-15;Monte Cristi
DO;DO-16;Pedernales
DO;DO-17;Peravia
DO;DO-18;Puerto Plata
DO;DO-19;Hermanas Mirabal
DO;DO-20;Samana
DO;DO-21;San Cristobal
DO;DO-22;San Juan
DO;DO-23;San Pedro de Macoris
DO;DO-24;Sanchez Ramirez
DO;DO-25;Santiago
DO;DO-26;Santiago Rodriguez
DO;DO-27;Valverde
DO;DO-28;Monsenor Nouel
DO;DO-29;Monte Plata
DO;DO-30;Hato Mayor
DO;DO-31;San Jose de Ocoa
DZ;DZ-01;Adrar
DZ;DZ-02;Chlef
DZ;DZ-03;Laghouat
DZ;DZ-04;Oum el Bouaghi
DZ;DZ-05;Batna
DZ;DZ-06;Bejaia
DZ;DZ-07;Biskra
DZ;DZ-08;Bechar
DZ;DZ-09;Blida
DZ;DZ-10;Bouira
DZ;DZ-11;Tamanrasset
DZ;DZ-12;Tebessa
DZ;DZ-13;Tlemcen
DZ;DZ-14;Tiaret
DZ;DZ-15;Tizi Ouzou
DZ;DZ-16;Alger
DZ;DZ-17;Djelfa
DZ;DZ-18;Jijel
DZ;DZ-19;Setif
DZ;DZ-20;Saida
DZ;DZ-21;Skikda
DZ;DZ-22;Sidi Bel Abbes
DZ;DZ-23;Annaba
DZ;DZ-24;Guelma
DZ;DZ-25;Constantine
DZ;DZ-26;Medea
DZ;DZ-27;Mostaganem
DZ;DZ-28;M'sila
DZ;DZ-29;Mascara
DZ;DZ-30;Ouargla
DZ;DZ-31;Oran
DZ;DZ-32;El Bayadh
DZ;DZ-33;Illizi
DZ;DZ-34;Bordj Bou Arreridj
DZ;DZ-35;Boumerdes
DZ;DZ-36;El Tarf
DZ;DZ-37;Tindouf
DZ;DZ-38;Tissemsilt
DZ;DZ-39;El Oued
DZ;DZ-40;Khenchela
DZ;DZ-41;Souk Ahras
DZ;DZ-42;Tipaza
DZ;DZ-43;Mila
DZ;DZ-44;Ain Defla
DZ;DZ-45;Naama
DZ;DZ-46;Ain Temouchent
DZ;DZ-47;Ghardaia
DZ;DZ-48;Relizane
DZ;DZ-49;Timimoun
DZ;DZ-51;Ouled Djellal
DZ;DZ-53;In Salah
DZ;DZ-55;Touggourt
DZ;DZ-56;Djanet
DZ;DZ-57;El Meghaier
EC;EC-A;Azuay
EC;EC-B;Bolivar
EC;EC-C;Carchi
EC;EC-D;Orellana
EC;EC-E;Esmeraldas
EC;EC-F;Canar
EC;EC-G;Guayas
EC;EC-H;Chimborazo
EC;EC-I;Imbabura
EC;EC-L;Loja
EC;EC-M;Manabi
EC;EC-N;Napo
EC;EC-O;El Oro
EC;EC-P;Pichincha
EC;EC-R;Los Rios
EC;EC-S;Morona Santiago
EC;EC-SD;Santo Domingo de los Tsachilas
EC;EC-SE;Santa Elena
EC;EC-T;Tungurahua
EC;EC-U;Sucumbios
EC;EC-W;Galapagos
EC;EC-X;Cotopaxi
EC;EC-Y;Pastaza
EC;EC-Z;Zamora Chinchipe
EE;EE-37;Harjumaa
EE;EE-39;Hiiumaa
EE;EE-45;Ida-Virumaa
EE;EE-50;Jogevamaa
EE;EE-52;Jarvamaa
EE;EE-56;Laanemaa
EE;EE-60;Laane-Virumaa
EE;EE-64;Polvamaa
EE;EE-68;Parnumaa
EE;EE-71;Raplamaa
EE;EE-74;Saaremaa
EE;EE-79;Tartumaa
EE;EE-81;Valgamaa
EE;EE-84;Viljandimaa
EE;EE-87;Vorumaa
EG;EG-ALX;Al Iskandariyah
EG;EG-ASN;Aswan
EG;EG-AST;Asyut
EG;EG-BA;Al Bahr al Ahmar
EG;EG-BH;Al Buhayrah
EG;EG-BNS;Bani Suwayf
EG;EG-C;Al Qahirah
EG;EG-DK;Ad Daqahliyah
EG;EG-DT;Dumyat
EG;EG-FYM;Al Fayyum
EG;EG-GH;Al Gharbiyah
EG;EG-GZ;Al Jizah
EG;EG-IS;Al Isma'iliyah
EG;EG-JS;Janub Sina'
EG;EG-KB;Al Qalyubiyah
EG;EG-KFS;Kafr ash Shaykh
EG;EG-KN;Qina
EG;EG-LX;Al Uqsur
EG;EG-MN;Al Minya
EG;EG-MNF;Al Minufiyah
EG;EG-MT;Matruh
EG;EG-PTS;Bur Sa'id
EG;EG-SHG;Suhaj
EG;EG-SHR;Ash Sharqiyah
EG;EG-SIN;Shamal Sina'
EG;EG-SUZ;As Suways
EG;EG-WAD;Al Wadi al Jadid
ER;ER-GB;Qash-Barkah
ER;ER-MA;Al Awsat
ES;ES-AN;Andalucia
ES;ES-AR;Aragon
ES;ES-AS;Asturias, Principado de
ES;ES-CB;Cantabria
ES;ES-CE;Ceuta
ES;ES-CL;Castilla y Leon
ES;ES-CM;Castilla-La Mancha
ES;ES-CN;Canarias
ES;ES-CT;Catalunya
ES;ES-EX;Extremadura
ES;ES-GA;Galicia
ES;ES-IB;Illes Balears
ES;ES-MC;Murcia, Region de
ES;ES-MD;Madrid, Comunidad de
ES;ES-ML;Melilla
ES;ES-NC;Navarra, Comunidad Foral de
ES;ES-PV;Pais Vasco
ES;ES-RI;La Rioja
ES;ES-VC;Valenciana, Comunidad
ET;ET-AA;Addis Ababa
ET;ET-AF;Afar
ET;ET-AM;Amara
ET;ET-BE;Benshangul-Gumaz
ET;ET-DD;Dire Dawa
ET;ET-HA;Harari People
ET;ET-OR;Oromia
ET;ET-SN;Southern Nations, Nationalities and Peoples
ET;ET-SO;Somali
ET;ET-TI;Tigrai
FI;FI-02;Etela-Karjala
FI;FI-03;Etela-Pohjanmaa
FI;FI-04;Etela-Savo
FI;FI-05;Kainuu
FI;FI-06;Kanta-Hame
FI;FI-07;Keski-Pohjanmaa
FI;FI-08;Keski-Suomi
FI;FI-09;Kymenlaakso
FI;FI-10;Lappi
FI;FI-11;Pirkanmaa
FI;FI-12;Pohjanmaa
FI;FI-13;Pohjois-Karjala
FI;FI-14;Pohjois-Pohjanmaa
FI;FI-15;Pohjois-Savo
FI;FI-16;Paijat-Hame
FI;FI-17;Satakunta
FI;FI-18;Uusimaa
FI;FI-19;Varsinais-Suomi
FJ;FJ-C;Central
FJ;FJ-E;Eastern
FJ;FJ-N;Northern
FJ;FJ-R;Rotuma
FJ;FJ-W;Western
FM;FM-KSA;Kosrae
FM;FM-PNI;Pohnpei
FM;FM-TRK;Chuuk
FM;FM-YAP;Yap
FR;FR-20R;Corse
FR;FR-ARA;Auvergne-Rhone-Alpes
FR;FR-BFC;Bourgogne-Franche-Comte
FR;FR-BRE;Bretagne
FR;FR-CVL;Centre-Val de Loire
FR;FR-GES;Grand-Est
FR;FR-HDF;Hauts-de-France
FR;FR-IDF;Ile-de-France
FR;FR-NAQ;Nouvelle-Aquitaine
FR;FR-NOR;Normandie
FR;FR-OCC;Occitanie
FR;FR-PAC;Provence-Alpes-Cote-d'Azur
FR;FR-PDL;Pays-de-la-Loire
GA;GA-1;Estuaire
GA;GA-2;Haut-Ogooue
GA;GA-3;Moyen-Ogooue
GA;GA-4;Ngounie
GA;GA-5;Nyanga
GA;GA-8;Ogooue-Maritime
GA;GA-9;Woleu-Ntem
GB;GB-ENG;England
GB;GB-NIR;Northern Ireland
GB;GB-SCT;Scotland
GB;GB-WLS;Wales
GD;GD-01;Saint Andrew
GD;GD-02;Saint David
GD;GD-03;Saint George
GD;GD-04;Saint John
GD;GD-05;Saint Mark
GD;GD-06;Saint Patrick
GD;GD-10;Southern Grenadine Islands
GE;GE-AB;Abkhazia
GE;GE-AJ;Ajaria
GE;GE-GU;Guria
GE;GE-IM;Imereti
GE;GE-KA;K'akheti
GE;GE-KK;Kvemo Kartli
GE;GE-MM;Mtskheta-Mtianeti
GE;GE-RL;Rach'a-Lechkhumi-Kvemo Svaneti
GE;GE-SJ;Samtskhe-Javakheti
GE;GE-SK;Shida Kartli
GE;GE-SZ;Samegrelo-Zemo Svaneti
GE;GE-TB;Tbilisi
GH;GH-AA;Greater Accra
GH;GH-AF;Ahafo
GH;GH-AH;Ashanti
GH;GH-BE;Bono East
GH;GH-BO;Bono
GH;GH-CP;Central
GH;GH-EP;Eastern
GH;GH-NP;Northern
GH;GH-TV;Volta
GH;GH-UE;Upper East
GH;GH-UW;Upper West
GH;GH-WP;Western
GL;GL-AV;Avannaata Kommunia
GL;GL-KU;Kommune Kujalleq
GL;GL-QE;Qeqqata Kommunia
GL;GL-QT;Kommune Qeqertalik
GL;GL-SM;Kommuneqarfik Sermersooq
GM;GM-B;Banjul
GM;GM-L;Lower River
GM;GM-M;Central River
GM;GM-N;North Bank
GM;GM-U;Upper River
GM;GM-W;Western
GN;GN-BF;Boffa
GN;GN-BK;Boke
GN;GN-C;Conakry
GN;GN-DB;Dabola
GN;GN-DI;Dinguiraye
GN;GN-DL;Dalaba
GN;GN-FR;Fria
GN;GN-KA;Kankan
GN;GN-KO;Kouroussa
GN;GN-LA;Labe
GN;GN-SI;Siguiri
GQ;GQ-BN;Bioko Norte
GQ;GQ-CS;Centro Sur
GQ;GQ-KN;Kie-Ntem
GQ;GQ-LI;Litoral
GQ;GQ-WN;Wele-Nzas
GR;GR-A;Anatoliki Makedonia kai Thraki
GR;GR-B;Kentriki Makedonia
GR;GR-C;Dytiki Makedonia
GR;GR-D;Ipeiros
GR;GR-E;Thessalia
GR;GR-F;Ionia Nisia
GR;GR-G;Dytiki Ellada
GR;GR-H;Sterea Ellada
GR;GR-I;Attiki
GR;GR-J;Peloponnisos
GR;GR-K;Voreio Aigaio
GR;GR-L;Notio Aigaio
GR;GR-M;Kriti
GT;GT-01;Guatemala
GT;GT-02;El Progreso
GT;GT-03;Sacatepequez
GT;GT-04;Chimaltenango
GT;GT-05;Escuintla
GT;GT-06;Santa Rosa
GT;GT-07;Solola
GT;GT-08;Totonicapan
GT;GT-09;Quetzaltenango
GT;GT-10;Suchitepequez
GT;GT-11;Retalhuleu
GT;GT-12;San Marcos
GT;GT-13;Huehuetenango
GT;GT-14;Quiche
GT;GT-15;Baja Verapaz
GT;GT-16;Alta Verapaz
GT;GT-17;Peten
GT;GT-18;Izabal
GT;GT-19;Zacapa
GT;GT-20;Chiquimula
GT;GT-21;Jalapa
GT;GT-22;Jutiapa
GW;GW-BA;Bafata
GW;GW-BS;Bissau
GW;GW-CA;Cacheu
GW;GW-GA;Gabu
GW;GW-OI;Oio
GW;GW-QU;Quinara
GY;GY-BA;Barima-Waini
GY;GY-CU;Cuyuni-Mazaruni
GY;GY-DE;Demerara-Mahaica
GY;GY-EB;East Berbice-Corentyne
GY;GY-ES;Essequibo Islands-West Demerara
GY;GY-MA;Mahaica-Berbice
GY;GY-PM;Pomeroon-Supenaam
GY;GY-PT;Potaro-Siparuni
GY;GY-UD;Upper Demerara-Berbice
HN;HN-AT;Atlantida
HN;HN-CL;Colon
HN;HN-CM;Comayagua
HN;HN-CP;Copan
HN;HN-CR;Cortes
HN;HN-CH;Choluteca
HN;HN-EP;El Paraiso
HN;HN-FM;Francisco Morazan
HN;HN-GD;Gracias a Dios
HN;HN-IB;Islas de la Bahia
HN;HN-IN;Intibuca
HN;HN-LE;Lempira
HN;HN-LP;La Paz
HN;HN-OC;Ocotepeque
HN;HN-OL;Olancho
HN;HN-SB;Santa Barbara
HN;HN-VA;Valle
HN;HN-YO;Yoro
HR;HR-01;Zagrebacka zupanija
HR;HR-02;Krapinsko-zagorska zupanija
HR;HR-03;Sisacko-moslavacka zupanija
HR;HR-04;Karlovacka zupanija
HR;HR-05;Varazdinska zupanija
HR;HR-06;Koprivnicko-krizevacka zupanija
HR;HR-07;Bjelovarsko-bilogorska zupanija
HR;HR-08;Primorsko-goranska zupanija
HR;HR-09;Licko-senjska zupanija
HR;HR-10;Viroviticko-podravska zupanija
HR;HR-11;Pozesko-slavonska zupanija
HR;HR-12;Brodsko-posavska zupanija
HR;HR-13;Zadarska zupanija
HR;HR-14;Osjecko-baranjska zupanija
HR;HR-15;Sibensko-kninska zupanija
HR;HR-16;Vukovarsko-srijemska zupanija
HR;HR-17;Splitsko-dalmatinska zupanija
HR;HR-18;Istarska zupanija
HR;HR-19;Dubrovacko-neretvanska zupanija
HR;HR-20;Medimurska zupanija
HR;HR-21;Grad Zagreb
HT;HT-AR;Artibonite
HT;HT-CE;Centre
HT;HT-GA;Grande'Anse
HT;HT-ND;Nord
HT;HT-NI;Nippes
HT;HT-NO;Nord-Ouest
HT;HT-OU;Ouest
HT;HT-SD;Sud
HT;HT-SE;Sud-Est
HU;HU-BA;Baranya
HU;HU-BE;Bekes
HU;HU-BK;Bacs-Kiskun
HU;HU-BU;Budapest
HU;HU-BZ;Borsod-Abauj-Zemplen
HU;HU-CS;Csongrad-Csanad
HU;HU-FE;Fejer
HU;HU-GS;Gyor-Moson-Sopron
HU;HU-HB;Hajdu-Bihar
HU;HU-HE;Heves
HU;HU-JN;Jasz-Nagykun-Szolnok
HU;HU-KE;Komarom-Esztergom
HU;HU-NO;Nograd
HU;HU-PE;Pest
HU;HU-SO;Somogy
HU;HU-SZ;Szabolcs-Szatmar-Bereg
HU;HU-TO;Tolna
HU;HU-VA;Vas
HU;HU-VE;Veszprem
HU;HU-ZA;Zala
ID;ID-AC;Aceh
ID;ID-BA;Bali
ID;ID-BB;Kepulauan Bangka Belitung
ID;ID-BE;Bengkulu
ID;ID-BT;Banten
ID;ID-GO;Gorontalo
ID;ID-JA;Jambi
ID;ID-JB;Jawa Barat
ID;ID-JI;Jawa Timur
ID;ID-JK;Jakarta Raya
ID;ID-JT;Jawa Tengah
ID;ID-KB;Kalimantan Barat
ID;ID-KI;Kalimantan Timur
ID;ID-KR;Kepulauan Riau
ID;ID-KS;Kalimantan Selatan
ID;ID-KT;Kalimantan Tengah
ID;ID-KU;Kalimantan Utara
ID;ID-LA;Lampung
ID;ID-ML;Maluku
ID;ID-MU;Maluku Utara
ID;ID-NB;Nusa Tenggara Barat
ID;ID-NT;Nusa Tenggara Timur
ID;ID-PB;Papua Barat
ID;ID-PE;Papua Pengunungan
ID;ID-PP;Papua
ID;ID-PS;Papua Selatan
ID;ID-PT;Papua Tengah
ID;ID-RI;Riau
ID;ID-SA;Sulawesi Utara
ID;ID-SB;Sumatera Barat
ID;ID-SG;Sulawesi Tenggara
ID;ID-SN;Sulawesi Selatan
ID;ID-SR;Sulawesi Barat
ID;ID-SS;Sumatera Selatan
ID;ID-ST;Sulawesi Tengah
ID;ID-SU;Sumatera Utara
ID;ID-YO;Yogyakarta
IE;IE-CE;Clare
IE;IE-CN;Cavan
IE;IE-CO;Cork
IE;IE-CW;Carlow
IE;IE-D;Dublin
IE;IE-DL;Donegal
IE;IE-G;Galway
IE;IE-KE;Kildare
IE;IE-KK;Kilkenny
IE;IE-KY;Kerry
IE;IE-LD;Longford
IE;IE-LH;Louth
IE;IE-LK;Limerick
IE;IE-LM;Leitrim
IE;IE-LS;Laois
IE;IE-MH;Meath
IE;IE-MN;Monaghan
IE;IE-MO;Mayo
IE;IE-OY;Offaly
IE;IE-RN;Roscommon
IE;IE-SO;Sligo
IE;IE-TA;Tipperary
IE;IE-WD;Waterford
IE;IE-WH;Westmeath
IE;IE-WW;Wicklow
IE;IE-WX;Wexford
IL;IL-D;HaDarom
IL;IL-HA;Hefa
IL;IL-JM;Yerushalayim
IL;IL-M;HaMerkaz
IL;IL-TA;Tel Aviv
IL;IL-Z;HaTsafon
IN;IN-AN;Andaman and Nicobar Islands
IN;IN-AP;Andhra Pradesh
IN;IN-AR;Arunachal Pradesh
IN;IN-AS;Assam
IN;IN-BR;Bihar
IN;IN-CT;Chhattisgarh
IN;IN-CH;Chandigarh
IN;IN-DH;Dadra and Nagar Haveli and Daman and Diu
IN;IN-DL;Delhi
IN;IN-DN;Dadra and Nagar Haveli
IN;IN-GA;Goa
IN;IN-GJ;Gujarat
IN;IN-HP;Himachal Pradesh
IN;IN-HR;Haryana
IN;IN-JH;Jharkhand
IN;IN-JK;Jammu and Kashmir
IN;IN-KA;Karnataka
IN;IN-KL;Kerala
IN;IN-LD;Lakshadweep
IN;IN-MH;Maharashtra
IN;IN-ML;Meghalaya
IN;IN-MN;Manipur
IN;IN-MP;Madhya Pradesh
IN;IN-MZ;Mizoram
IN;IN-NL;Nagaland
IN;IN-OR;Odisha
IN;IN-PB;Punjab
IN;IN-PY;Puducherry
IN;IN-RJ;Rajasthan
IN;IN-SK;Sikkim
IN;IN-TG;Telangana
IN;IN-TN;Tamil Nadu
IN;IN-TR;Tripura
IN;IN-UP;Uttar Pradesh
IN;IN-UT;Uttarakhand
IN;IN-WB;West Bengal
IQ;IQ-AN;Al Anbar
IQ;IQ-AR;Arbil
IQ;IQ-BA;Al Basrah
IQ;IQ-BB;Babil
IQ;IQ-BG;Baghdad
IQ;IQ-DA;Dahuk
IQ;IQ-DI;Diyala
IQ;IQ-DQ;Dhi Qar
IQ;IQ-KA;Karbala'
IQ;IQ-KI;Kirkuk
IQ;IQ-MA;Maysan
IQ;IQ-MU;Al Muthanna
IQ;IQ-NA;An Najaf
IQ;IQ-NI;Ninawa
IQ;IQ-QA;Al Qadisiyah
IQ;IQ-SD;Salah ad Din
IQ;IQ-SU;As Sulaymaniyah
IQ;IQ-WA;Wasit
IR;IR-00;Markazi
IR;IR-01;Gilan
IR;IR-02;Mazandaran
IR;IR-03;Azarbayjan-e Sharqi
IR;IR-04;Azarbayjan-e Gharbi
IR;IR-05;Kermanshah
IR;IR-06;Khuzestan
IR;IR-07;Fars
IR;IR-08;Kerman
IR;IR-09;Khorasan-e Razavi
IR;IR-10;Esfahan
IR;IR-11;Sistan va Baluchestan
IR;IR-12;Kordestan
IR;IR-13;Hamadan
IR;IR-14;Chahar Mahal va Bakhtiari
IR;IR-15;Lorestan
IR;IR-16;Ilam
IR;IR-17;Kohgiluyeh va Bowyer Ahmad
IR;IR-18;Bushehr
IR;IR-19;Zanjan
IR;IR-20;Semnan
IR;IR-21;Yazd
IR;IR-22;Hormozgan
IR;IR-23;Tehran
IR;IR-24;Ardabil
IR;IR-25;Qom
IR;IR-26;Qazvin
IR;IR-27;Golestan
IR;IR-28;Khorasan-e Shomali
IR;IR-29;Khorasan-e Jonubi
IR;IR-30;Alborz
IS;IS-1;Hofudborgarsvaedi
IS;IS-2;Sudurnes
IS;IS-3;Vesturland
IS;IS-4;Vestfirdir
IS;IS-5;Nordurland vestra
IS;IS-6;Nordurland eystra
IS;IS-7;Austurland
IS;IS-8;Sudurland
IT;IT-21;Piemonte
IT;IT-23;Valle d'Aosta
IT;IT-25;Lombardia
IT;IT-32;Trentino-Alto Adige
IT;IT-34;Veneto
IT;IT-36;Friuli-Venezia Giulia
IT;IT-42;Liguria
IT;IT-45;Emilia-Romagna
IT;IT-52;Toscana
IT;IT-55;Umbria
IT;IT-57;Marche
IT;IT-62;Lazio
IT;IT-65;Abruzzo
IT;IT-67;Molise
IT;IT-72;Campania
IT;IT-75;Puglia
IT;IT-77;Basilicata
IT;IT-78;Calabria
IT;IT-82;Sicilia
IT;IT-88;Sardegna
JM;JM-01;Kingston
JM;JM-02;Saint Andrew
JM;JM-03;Saint Thomas
JM;JM-04;Portland
JM;JM-05;Saint Mary
JM;JM-06;Saint Ann
JM;JM-07;Trelawny
JM;JM-08;Saint James
JM;JM-09;Hanover
JM;JM-10;Westmoreland
JM;JM-11;Saint Elizabeth
JM;JM-12;Manchester
JM;JM-13;Clarendon
JM;JM-14;Saint Catherine
JO;JO-AJ;'Ajlun
JO;JO-AM;Al 'Asimah
JO;JO-AQ;Al 'Aqabah
JO;JO-AT;At Tafilah
JO;JO-AZ;Az Zarqa'
JO;JO-BA;Al Balqa'
JO;JO-IR;Irbid
JO;JO-JA;Jarash
JO;JO-KA;Al Karak
JO;JO-MA;Al Mafraq
JO;JO-MD;Madaba
JO;JO-MN;Ma'an
JP;JP-01;Hokkaido
JP;JP-02;Aomori
JP;JP-03;Iwate
JP;JP-04;Miyagi
JP;JP-05;Akita
JP;JP-06;Yamagata
JP;JP-07;Fukushima
JP;JP-08;Ibaraki
JP;JP-09;Tochigi
JP;JP-10;Gunma
JP;JP-11;Saitama
JP;JP-12;Chiba
JP;JP-13;Tokyo
JP;JP-14;Kanagawa
JP;JP-15;Niigata
JP;JP-16;Toyama
JP;JP-17;Ishikawa
JP;JP-18;Fukui
JP;JP-19;Yamanashi
JP;JP-20;Nagano
JP;JP-21;Gifu
JP;JP-22;Shizuoka
JP;JP-23;Aichi
JP;JP-24;Mie
JP;JP-25;Shiga
JP;JP-26;Kyoto
JP;JP-27;Osaka
JP;JP-28;Hyogo
JP;JP-29;Nara
JP;JP-30;Wakayama
JP;JP-31;Tottori
JP;JP-32;Shimane
JP;JP-33;Okayama
JP;JP-34;Hiroshima
JP;JP-35;Yamaguchi
JP;JP-36;Tokushima
JP;JP-37;Kagawa
JP;JP-38;Ehime
JP;JP-39;Kochi
JP;JP-40;Fukuoka
JP;JP-41;Saga
JP;JP-42;Nagasaki
JP;JP-43;Kumamoto
JP;JP-44;Oita
JP;JP-45;Miyazaki
JP;JP-46;Kagoshima
JP;JP-47;Okinawa
KE;KE-01;Baringo
KE;KE-02;Bomet
KE;KE-03;Bungoma
KE;KE-04;Busia
KE;KE-05;Elgeyo/Marakwet
KE;KE-06;Embu
KE;KE-07;Garissa
KE;KE-08;Homa Bay
KE;KE-09;Isiolo
KE;KE-10;Kajiado
KE;KE-11;Kakamega
KE;KE-12;Kericho
KE;KE-13;Kiambu
KE;KE-14;Kilifi
KE;KE-15;Kirinyaga
KE;KE-16;Kisii
KE;KE-17;Kisumu
KE;KE-18;Kitui
KE;KE-19;Kwale
KE;KE-20;Laikipia
KE;KE-21;Lamu
KE;KE-22;Machakos
KE;KE-23;Makueni
KE;KE-24;Mandera
KE;KE-25;Marsabit
KE;KE-26;Meru
KE;KE-27;Migori
KE;KE-28;Mombasa
KE;KE-29;Murang'a
KE;KE-30;Nairobi City
KE;KE-31;Nakuru
KE;KE-32;Nandi
KE;KE-33;Narok
KE;KE-34;Nyamira
KE;KE-35;Nyandarua
KE;KE-36;Nyeri
KE;KE-37;Samburu
KE;KE-38;Siaya
KE;KE-39;Taita/Taveta
KE;KE-40;Tana River
KE;KE-41;Tharaka-Nithi
KE;KE-42;Trans Nzoia
KE;KE-43;Turkana
KE;KE-44;Uasin Gishu
KE;KE-45;Vihiga
KE;KE-46;Wajir
KE;KE-47;West Pokot
KG;KG-B;Batken
KG;KG-C;Chuy
KG;KG-GB;Bishkek Shaary
KG;KG-GO;Osh Shaary
KG;KG-J;Jalal-Abad
KG;KG-N;Naryn
KG;KG-T;Talas
KG;KG-Y;Ysyk-Kol
KI;KI-G;Gilbert Islands
KI;KI-L;Line Islands
KM;KM-G;Grande Comore
KM;KM-M;Moheli
KN;KN-01;Christ Church Nichola Town
KN;KN-02;Saint Anne Sandy Point
KN;KN-03;Saint George Basseterre
KN;KN-05;Saint James Windward
KN;KN-06;Saint John Capisterre
KN;KN-07;Saint John Figtree
KN;KN-08;Saint Mary Cayon
KN;KN-09;Saint Paul Capisterre
KN;KN-10;Saint Paul Charlestown
KN;KN-11;Saint Peter Basseterre
KN;KN-12;Saint Thomas Lowland
KN;KN-13;Saint Thomas Middle Island
KN;KN-15;Trinity Palmetto Point
KP;KP-01;P'yongyang
KR;KR-11;Seoul-teukbyeolsi
KR;KR-26;Busan-gwangyeoksi
KR;KR-27;Daegu-gwangyeoksi
KR;KR-28;Incheon-gwangyeoksi
KR;KR-29;Gwangju-gwangyeoksi
KR;KR-30;Daejeon-gwangyeoksi
KR;KR-31;Ulsan-gwangyeoksi
KR;KR-41;Gyeonggi-do
KR;KR-42;Gangwon-do
KR;KR-43;Chungcheongbuk-do
KR;KR-44;Chungcheongnam-do
KR;KR-45;Jeollabuk-do
KR;KR-46;Jeollanam-do
KR;KR-47;Gyeongsangbuk-do
KR;KR-48;Gyeongsangnam-do
KR;KR-49;Jeju-teukbyeoljachido
KW;KW-AH;Al Ahmadi
KW;KW-FA;Al Farwaniyah
KW;KW-HA;Hawalli
KW;KW-JA;Al Jahra'
KW;KW-KU;Al 'Asimah
KW;KW-MU;Mubarak al Kabir
KZ;KZ-10;Abay oblysy
KZ;KZ-11;Aqmola oblysy
KZ;KZ-15;Aqtobe oblysy
KZ;KZ-19;Almaty oblysy
KZ;KZ-23;Atyrau oblysy
KZ;KZ-27;Batys Qazaqstan oblysy
KZ;KZ-31;Zhambyl oblysy
KZ;KZ-33;Zhetisu oblysy
KZ;KZ-35;Qaraghandy oblysy
KZ;KZ-39;Qostanay oblysy
KZ;KZ-43;Qyzylorda oblysy
KZ;KZ-47;Mangghystau oblysy
KZ;KZ-55;Pavlodar oblysy
KZ;KZ-59;Soltustik Qazaqstan oblysy
KZ;KZ-61;Turkistan oblysy
KZ;KZ-62;Ulytau oblysy
KZ;KZ-63;Shyghys Qazaqstan oblysy
KZ;KZ-71;Astana
KZ;KZ-75;Almaty
KZ;KZ-79;Shymkent
KH;KH-1;Banteay Mean Choay
KH;KH-10;Kracheh
KH;KH-11;Mondol Kiri
KH;KH-12;Phnom Penh
KH;KH-13;Preah Vihear
KH;KH-14;Prey Veaeng
KH;KH-15;Pousaat
KH;KH-17;Siem Reab
KH;KH-18;Preah Sihanouk
KH;KH-19;Stueng Traeng
KH;KH-2;Baat Dambang
KH;KH-20;Svaay Rieng
KH;KH-21;Taakaev
KH;KH-23;Kaeb
KH;KH-24;Pailin
KH;KH-3;Kampong Chaam
KH;KH-4;Kampong Chhnang
KH;KH-5;Kampong Spueu
KH;KH-6;Kampong Thum
KH;KH-7;Kampot
KH;KH-8;Kandaal
LA;LA-BK;Bokeo
LA;LA-BL;Bolikhamxai
LA;LA-CH;Champasak
LA;LA-KH;Khammouan
LA;LA-LP;Louangphabang
LA;LA-OU;Oudomxai
LA;LA-PH;Phongsali
LA;LA-SV;Savannakhet
LA;LA-VI;Viangchan
LA;LA-XE;Xekong
LA;LA-XI;Xiangkhouang
LB;LB-AK;Aakkar
LB;LB-AS;Liban-Nord
LB;LB-BA;Beyrouth
LB;LB-BH;Baalbek-Hermel
LB;LB-BI;Beqaa
LB;LB-JA;Liban-Sud
LB;LB-JL;Mont-Liban
LB;LB-NA;Nabatiye
LC;LC-01;Anse la Raye
LC;LC-02;Castries
LC;LC-03;Choiseul
LC;LC-05;Dennery
LC;LC-06;Gros Islet
LC;LC-07;Laborie
LC;LC-08;Micoud
LC;LC-10;Soufriere
LC;LC-11;Vieux Fort
LI;LI-01;Balzers
LI;LI-02;Eschen
LI;LI-03;Gamprin
LI;LI-04;Mauren
LI;LI-06;Ruggell
LI;LI-07;Schaan
LI;LI-09;Triesen
LI;LI-10;Triesenberg
LI;LI-11;Vaduz
LK;LK-1;Western Province
LK;LK-2;Central Province
LK;LK-3;Southern Province
LK;LK-4;Northern Province
LK;LK-5;Eastern Province
LK;LK-6;North Western Province
LK;LK-7;North Central Province
LK;LK-8;Uva Province
LK;LK-9;Sabaragamuwa Province
LR;LR-BG;Bong
LR;LR-BM;Bomi
LR;LR-CM;Grand Cape Mount
LR;LR-GG;Grand Gedeh
LR;LR-MG;Margibi
LR;LR-MO;Montserrado
LR;LR-RI;River Cess
LR;LR-SI;Sinoe
LS;LS-A;Maseru
LS;LS-B;Botha-Bothe
LS;LS-C;Leribe
LS;LS-D;Berea
LS;LS-E;Mafeteng
LS;LS-F;Mohale's Hoek
LS;LS-G;Quthing
LS;LS-H;Qacha's Nek
LS;LS-J;Mokhotlong
LS;LS-K;Thaba-Tseka
LT;LT-AL;Alytaus apskritis
LT;LT-KL;Klaipedos apskritis
LT;LT-KU;Kauno apskritis
LT;LT-MR;Marijampoles apskritis
LT;LT-PN;Panevezio apskritis
LT;LT-SA;Siauliu apskritis
LT;LT-TA;Taurages apskritis
LT;LT-TE;Telsiu apskritis
LT;LT-UT;Utenos apskritis
LT;LT-VL;Vilniaus apskritis
LU;LU-CA;Capellen
LU;LU-CL;Clervaux
LU;LU-DI;Diekirch
LU;LU-EC;Echternach
LU;LU-ES;Esch-sur-Alzette
LU;LU-GR;Grevenmacher
LU;LU-LU;Luxembourg
LU;LU-ME;Mersch
LU;LU-RD;Redange
LU;LU-RM;Remich
LU;LU-VD;Vianden
LU;LU-WI;Wiltz
LV;LV-002;Aizkraukles novads
LV;LV-007;Aluksnes novads
LV;LV-011;Adazu novads
LV;LV-015;Balvu novads
LV;LV-016;Bauskas novads
LV;LV-022;Cesu novads
LV;LV-026;Dobeles novads
LV;LV-033;Gulbenes novads
LV;LV-041;Jelgavas novads
LV;LV-042;Jekabpils novads
LV;LV-047;Kraslavas novads
LV;LV-050;Kuldigas novads
LV;LV-052;Kekavas novads
LV;LV-054;Limbazu novads
LV;LV-056;Livanu novads
LV;LV-058;Ludzas novads
LV;LV-059;Madonas novads
LV;LV-062;Marupes novads
LV;LV-067;Ogres novads
LV;LV-068;Olaines novads
LV;LV-073;Preilu novads
LV;LV-077;Rezeknes novads
LV;LV-080;Ropazu novads
LV;LV-087;Salaspils novads
LV;LV-088;Saldus novads
LV;LV-089;Saulkrastu novads
LV;LV-091;Siguldas novads
LV;LV-094;Smiltenes novads
LV;LV-097;Talsu novads
LV;LV-099;Tukuma novads
LV;LV-101;Valkas novads
LV;LV-102;Varaklanu novads
LV;LV-106;Ventspils novads
LV;LV-111;Augsdaugavas novads
LV;LV-112;Dienvidkurzemes novads
LV;LV-113;Valmieras novads
LV;LV-DGV;Daugavpils
LV;LV-JEL;Jelgava
LV;LV-JUR;Jurmala
LV;LV-LPX;Liepaja
LV;LV-RIX;Riga
LY;LY-BA;Banghazi
LY;LY-BU;Al Butnan
LY;LY-DR;Darnah
LY;LY-JA;Al Jabal al Akhdar
LY;LY-JG;Al Jabal al Gharbi
LY;LY-JI;Al Jafarah
LY;LY-JU;Al Jufrah
LY;LY-KF;Al Kufrah
LY;LY-MB;Al Marqab
LY;LY-MI;Misratah
LY;LY-MJ;Al Marj
LY;LY-NL;Nalut
LY;LY-NQ;An Nuqat al Khams
LY;LY-SB;Sabha
LY;LY-SR;Surt
LY;LY-TB;Tarabulus
LY;LY-WA;Al Wahat
LY;LY-WD;Wadi al Hayat
LY;LY-WS;Wadi ash Shati'
LY;LY-ZA;Az Zawiyah
MA;MA-01;Tanger-Tetouan-Al Hoceima
MA;MA-02;L'Oriental
MA;MA-03;Fes- Meknes
MA;MA-04;Rabat-Sale-Kenitra
MA;MA-05;Beni-Mellal-Khenifra
MA;MA-06;Casablanca-Settat
MA;MA-07;Marrakech-Safi
MA;MA-08;Draa-Tafilalet
MA;MA-09;Souss-Massa
MA;MA-10;Guelmim-Oued Noun (EH-partial)
MA;MA-11;Laayoune-Sakia El Hamra (EH-partial)
MC;MC-CO;La Condamine
MC;MC-FO;Fontvieille
MC;MC-MC;Monte-Carlo
MC;MC-MG;Moneghetti
MC;MC-MO;Monaco-Ville
MC;MC-SR;Saint-Roman
MD;MD-AN;Anenii Noi
MD;MD-BA;Balti
MD;MD-BD;Bender
MD;MD-BR;Briceni
MD;MD-BS;Basarabeasca
MD;MD-CA;Cahul
MD;MD-CL;Calarasi
MD;MD-CM;Cimislia
MD;MD-CR;Criuleni
MD;MD-CS;Causeni
MD;MD-CT;Cantemir
MD;MD-CU;Chisinau
MD;MD-DO;Donduseni
MD;MD-DR;Drochia
MD;MD-DU;Dubasari
MD;MD-ED;Edinet
MD;MD-FA;Falesti
MD;MD-FL;Floresti
MD;MD-GA;Gagauzia, Unitatea teritoriala autonoma
MD;MD-GL;Glodeni
MD;MD-HI;Hincesti
MD;MD-IA;Ialoveni
MD;MD-LE;Leova
MD;MD-NI;Nisporeni
MD;MD-OC;Ocnita
MD;MD-OR;Orhei
MD;MD-RE;Rezina
MD;MD-RI;Riscani
MD;MD-SD;Soldanesti
MD;MD-SI;Singerei
MD;MD-SN;Stinga Nistrului, unitatea teritoriala din
MD;MD-SO;Soroca
MD;MD-ST;Straseni
MD;MD-SV;Stefan Voda
MD;MD-TA;Taraclia
MD;MD-TE;Telenesti
MD;MD-UN;Ungheni
ME;ME-01;Andrijevica
ME;ME-02;Bar
ME;ME-03;Berane
ME;ME-04;Bijelo Polje
ME;ME-05;Budva
ME;ME-06;Cetinje
ME;ME-07;Danilovgrad
ME;ME-08;Herceg-Novi
ME;ME-09;Kolasin
ME;ME-10;Kotor
ME;ME-12;Niksic
ME;ME-13;Plav
ME;ME-14;Pljevlja
ME;ME-15;Pluzine
ME;ME-16;Podgorica
ME;ME-17;Rozaje
ME;ME-19;Tivat
ME;ME-20;Ulcinj
ME;ME-21;Zabljak
ME;ME-24;Tuzi
MG;MG-A;Toamasina
MG;MG-D;Antsiranana
MG;MG-F;Fianarantsoa
MG;MG-M;Mahajanga
MG;MG-T;Antananarivo
MG;MG-U;Toliara
MH;MH-KWA;Kwajalein
MH;MH-MAJ;Majuro
MK;MK-101;Veles
MK;MK-102;Gradsko
MK;MK-103;Demir Kapija
MK;MK-104;Kavadarci
MK;MK-105;Lozovo
MK;MK-106;Negotino
MK;MK-107;Rosoman
MK;MK-108;Sveti Nikole
MK;MK-109;Caska
MK;MK-201;Berovo
MK;MK-202;Vinica
MK;MK-205;Karbinci
MK;MK-206;Kocani
MK;MK-207;Makedonska Kamenica
MK;MK-208;Pehcevo
MK;MK-209;Probistip
MK;MK-210;Cesinovo-Oblesevo
MK;MK-211;Stip
MK;MK-301;Vevcani
MK;MK-303;Debar
MK;MK-307;Kicevo
MK;MK-308;Makedonski Brod
MK;MK-310;Ohrid
MK;MK-311;Plasnica
MK;MK-312;Struga
MK;MK-401;Bogdanci
MK;MK-402;Bosilovo
MK;MK-403;Valandovo
MK;MK-404;Vasilevo
MK;MK-405;Gevgelija
MK;MK-406;Dojran
MK;MK-408;Novo Selo
MK;MK-409;Radovis
MK;MK-410;Strumica
MK;MK-501;Bitola
MK;MK-502;Demir Hisar
MK;MK-503;Dolneni
MK;MK-504;Krivogastani
MK;MK-505;Krusevo
MK;MK-506;Mogila
MK;MK-507;Novaci
MK;MK-508;Prilep
MK;MK-509;Resen
MK;MK-601;Bogovinje
MK;MK-602;Brvenica
MK;MK-604;Gostivar
MK;MK-605;Zelino
MK;MK-606;Jegunovce
MK;MK-607;Mavrovo i Rostusa
MK;MK-608;Tearce
MK;MK-609;Tetovo
MK;MK-701;Kratovo
MK;MK-702;Kriva Palanka
MK;MK-703;Kumanovo
MK;MK-704;Lipkovo
MK;MK-705;Rankovce
MK;MK-803;Butel
MK;MK-804;Gazi Baba
MK;MK-806;Zelenikovo
MK;MK-807;Ilinden
MK;MK-809;Kisela Voda
MK;MK-810;Petrovec
MK;MK-811;Saraj
MK;MK-812;Sopiste
MK;MK-813;Studenicani
MK;MK-814;Centar
MK;MK-816;Cucer Sandevo
ML;ML-1;Kayes
ML;ML-2;Koulikoro
ML;ML-3;Sikasso
ML;ML-4;Segou
ML;ML-5;Mopti
ML;ML-6;Tombouctou
ML;ML-7;Gao
ML;ML-8;Kidal
ML;ML-BKO;Bamako
MM;MM-01;Sagaing
MM;MM-02;Bago
MM;MM-03;Magway
MM;MM-04;Mandalay
MM;MM-05;Tanintharyi
MM;MM-06;Yangon
MM;MM-07;Ayeyarwady
MM;MM-11;Kachin
MM;MM-12;Kayah
MM;MM-13;Kayin
MM;MM-14;Chin
MM;MM-15;Mon
MM;MM-16;Rakhine
MM;MM-17;Shan
MM;MM-18;Nay Pyi Taw
MN;MN-035;Orhon
MN;MN-037;Darhan uul
MN;MN-043;Hovd
MN;MN-047;Tov
MN;MN-049;Selenge
MN;MN-053;Omnogovi
MN;MN-055;Ovorhangay
MN;MN-061;Dornod
MN;MN-065;Govi-Altay
MN;MN-067;Bulgan
MN;MN-069;Bayanhongor
MN;MN-1;Ulaanbaatar
MR;MR-02;Hodh el Gharbi
MR;MR-03;Assaba
MR;MR-04;Gorgol
MR;MR-05;Brakna
MR;MR-06;Trarza
MR;MR-07;Adrar
MR;MR-08;Dakhlet Nouadhibou
MR;MR-09;Tagant
MR;MR-11;Tiris Zemmour
MR;MR-12;Inchiri
MR;MR-13;Nouakchott Ouest
MT;MT-01;Attard
MT;MT-02;Balzan
MT;MT-03;Birgu
MT;MT-04;Birkirkara
MT;MT-05;Birzebbuga
MT;MT-06;Bormla
MT;MT-07;Dingli
MT;MT-08;Fgura
MT;MT-09;Floriana
MT;MT-10;Fontana
MT;MT-11;Gudja
MT;MT-12;Gzira
MT;MT-13;Ghajnsielem
MT;MT-14;Gharb
MT;MT-15;Gharghur
MT;MT-16;Ghasri
MT;MT-17;Ghaxaq
MT;MT-18;Hamrun
MT;MT-19;Iklin
MT;MT-20;Isla
MT;MT-21;Kalkara
MT;MT-23;Kirkop
MT;MT-24;Lija
MT;MT-25;Luqa
MT;MT-26;Marsa
MT;MT-27;Marsaskala
MT;MT-28;Marsaxlokk
MT;MT-29;Mdina
MT;MT-30;Mellieha
MT;MT-31;Mgarr
MT;MT-32;Mosta
MT;MT-33;Mqabba
MT;MT-34;Msida
MT;MT-35;Mtarfa
MT;MT-36;Munxar
MT;MT-37;Nadur
MT;MT-38;Naxxar
MT;MT-39;Paola
MT;MT-40;Pembroke
MT;MT-41;Pieta
MT;MT-42;Qala
MT;MT-43;Qormi
MT;MT-44;Qrendi
MT;MT-45;Rabat Gozo
MT;MT-46;Rabat Malta
MT;MT-47;Safi
MT;MT-48;Saint Julian's
MT;MT-49;Saint John
MT;MT-50;Saint Lawrence
MT;MT-51;Saint Paul's Bay
MT;MT-52;Sannat
MT;MT-53;Saint Lucia's
MT;MT-54;Santa Venera
MT;MT-55;Siggiewi
MT;MT-56;Sliema
MT;MT-57;Swieqi
MT;MT-58;Ta' Xbiex
MT;MT-59;Tarxien
MT;MT-60;Valletta
MT;MT-61;Xaghra
MT;MT-62;Xewkija
MT;MT-63;Xghajra
MT;MT-64;Zabbar
MT;MT-65;Zebbug Gozo
MT;MT-67;Zejtun
MT;MT-68;Zurrieq
MU;MU-BL;Black River
MU;MU-FL;Flacq
MU;MU-GP;Grand Port
MU;MU-MO;Moka
MU;MU-PA;Pamplemousses
MU;MU-PL;Port Louis
MU;MU-PW;Plaines Wilhems
MU;MU-RO;Rodrigues Islands
MU;MU-RR;Riviere du Rempart
MU;MU-SA;Savanne
MV;MV-00;South Ari Atoll
MV;MV-01;Addu City
MV;MV-02;North Ari Atoll
MV;MV-03;Faadhippolhu
MV;MV-04;Felidhu Atoll
MV;MV-05;Hahdhunmathi
MV;MV-07;North Thiladhunmathi
MV;MV-08;Kolhumadulu
MV;MV-12;Mulaku Atoll
MV;MV-13;North Maalhosmadulu
MV;MV-20;South Maalhosmadulu
MV;MV-23;South Thiladhunmathi
MV;MV-25;South Miladhunmadulu
MV;MV-27;North Huvadhu Atoll
MV;MV-28;South Huvadhu Atoll
MV;MV-MLE;Male
MW;MW-BA;Balaka
MW;MW-BL;Blantyre
MW;MW-CK;Chikwawa
MW;MW-CR;Chiradzulu
MW;MW-DE;Dedza
MW;MW-DO;Dowa
MW;MW-KR;Karonga
MW;MW-LI;Lilongwe
MW;MW-MG;Mangochi
MW;MW-MH;Machinga
MW;MW-MW;Mwanza
MW;MW-MZ;Mzimba
MW;MW-NE;Neno
MW;MW-NI;Ntchisi
MW;MW-NK;Nkhotakota
MW;MW-SA;Salima
MW;MW-TH;Thyolo
MW;MW-ZO;Zomba
MX;MX-AGU;Aguascalientes
MX;MX-BCN;Baja California
MX;MX-BCS;Baja California Sur
MX;MX-CAM;Campeche
MX;MX-CMX;Ciudad de Mexico
MX;MX-COA;Coahuila de Zaragoza
MX;MX-COL;Colima
MX;MX-CHH;Chihuahua
MX;MX-CHP;Chiapas
MX;MX-DUR;Durango
MX;MX-GRO;Guerrero
MX;MX-GUA;Guanajuato
MX;MX-HID;Hidalgo
MX;MX-JAL;Jalisco
MX;MX-MEX;Mexico
MX;MX-MIC;Michoacan de Ocampo
MX;MX-MOR;Morelos
MX;MX-NAY;Nayarit
MX;MX-NLE;Nuevo Leon
MX;MX-OAX;Oaxaca
MX;MX-PUE;Puebla
MX;MX-QUE;Queretaro
MX;MX-ROO;Quintana Roo
MX;MX-SIN;Sinaloa
MX;MX-SLP;San Luis Potosi
MX;MX-SON;Sonora
MX;MX-TAB;Tabasco
MX;MX-TAM;Tamaulipas
MX;MX-TLA;Tlaxcala
MX;MX-VER;Veracruz de Ignacio de la Llave
MX;MX-YUC;Yucatan
MX;MX-ZAC;Zacatecas
MY;MY-01;Johor
MY;MY-02;Kedah
MY;MY-03;Kelantan
MY;MY-04;Melaka
MY;MY-05;Negeri Sembilan
MY;MY-06;Pahang
MY;MY-07;Pulau Pinang
MY;MY-08;Perak
MY;MY-09;Perlis
MY;MY-10;Selangor
MY;MY-11;Terengganu
MY;MY-12;Sabah
MY;MY-13;Sarawak
MY;MY-14;Wilayah Persekutuan Kuala Lumpur
MY;MY-15;Wilayah Persekutuan Labuan
MY;MY-16;Wilayah Persekutuan Putrajaya
MZ;MZ-A;Niassa
MZ;MZ-B;Manica
MZ;MZ-G;Gaza
MZ;MZ-I;Inhambane
MZ;MZ-L;Maputo
MZ;MZ-N;Nampula
MZ;MZ-P;Cabo Delgado
MZ;MZ-Q;Zambezia
MZ;MZ-S;Sofala
MZ;MZ-T;Tete
NA;NA-CA;Zambezi
NA;NA-ER;Erongo
NA;NA-HA;Hardap
NA;NA-KA;Karas
NA;NA-KE;Kavango East
NA;NA-KU;Kunene
NA;NA-KW;Kavango West
NA;NA-KH;Khomas
NA;NA-OD;Otjozondjupa
NA;NA-OH;Omaheke
NA;NA-ON;Oshana
NA;NA-OS;Omusati
NA;NA-OT;Oshikoto
NA;NA-OW;Ohangwena
NE;NE-1;Agadez
NE;NE-2;Diffa
NE;NE-3;Dosso
NE;NE-4;Maradi
NE;NE-5;Tahoua
NE;NE-6;Tillaberi
NE;NE-7;Zinder
NE;NE-8;Niamey
NI;NI-AN;Costa Caribe Norte
NI;NI-AS;Costa Caribe Sur
NI;NI-BO;Boaco
NI;NI-CA;Carazo
NI;NI-CI;Chinandega
NI;NI-CO;Chontales
NI;NI-ES;Esteli
NI;NI-GR;Granada
NI;NI-JI;Jinotega
NI;NI-LE;Leon
NI;NI-MD;Madriz
NI;NI-MN;Managua
NI;NI-MS;Masaya
NI;NI-MT;Matagalpa
NI;NI-NS;Nueva Segovia
NI;NI-RI;Rivas
NI;NI-SJ;Rio San Juan
NL;NL-DR;Drenthe
NL;NL-FL;Flevoland
NL;NL-FR;Fryslan
NL;NL-GE;Gelderland
NL;NL-GR;Groningen
NL;NL-LI;Limburg
NL;NL-NB;Noord-Brabant
NL;NL-NH;Noord-Holland
NL;NL-OV;Overijssel
NL;NL-UT;Utrecht
NL;NL-ZE;Zeeland
NL;NL-ZH;Zuid-Holland
NO;NO-03;Oslo
NO;NO-11;Rogaland
NO;NO-15;More og Romsdal
NO;NO-18;Nordland
NO;NO-30;Viken
NO;NO-34;Innlandet
NO;NO-38;Vestfold og Telemark
NO;NO-42;Agder
NO;NO-46;Vestland
NO;NO-50;Trondelag
NO;NO-54;Troms og Finnmark
NP;NP-BA;Bagmati
NP;NP-BH;Bheri
NP;NP-DH;Dhawalagiri
NP;NP-GA;Gandaki
NP;NP-JA;Janakpur
NP;NP-KA;Karnali
NP;NP-KO;Kosi
NP;NP-LU;Lumbini
NP;NP-MA;Mahakali
NP;NP-ME;Mechi
NP;NP-NA;Narayani
NP;NP-RA;Rapti
NP;NP-SA;Sagarmatha
NP;NP-SE;Seti
NR;NR-01;Aiwo
NR;NR-03;Anetan
NR;NR-14;Yaren
NZ;NZ-AUK;Auckland
NZ;NZ-BOP;Bay of Plenty
NZ;NZ-CAN;Canterbury
NZ;NZ-CIT;Chatham Islands Territory
NZ;NZ-GIS;Gisborne
NZ;NZ-HKB;Hawke's Bay
NZ;NZ-MBH;Marlborough
NZ;NZ-MWT;Manawatu-Wanganui
NZ;NZ-NSN;Nelson
NZ;NZ-NTL;Northland
NZ;NZ-OTA;Otago
NZ;NZ-STL;Southland
NZ;NZ-TAS;Tasman
NZ;NZ-TKI;Taranaki
NZ;NZ-WGN;Wellington
NZ;NZ-WKO;Waikato
NZ;NZ-WTC;West Coast
NG;NG-AB;Abia
NG;NG-AD;Adamawa
NG;NG-AK;Akwa Ibom
NG;NG-AN;Anambra
NG;NG-BA;Bauchi
NG;NG-BE;Benue
NG;NG-BO;Borno
NG;NG-BY;Bayelsa
NG;NG-CR;Cross River
NG;NG-DE;Delta
NG;NG-EB;Ebonyi
NG;NG-ED;Edo
NG;NG-EK;Ekiti
NG;NG-EN;Enugu
NG;NG-FC;Abuja Federal Capital Territory
NG;NG-GO;Gombe
NG;NG-IM;Imo
NG;NG-JI;Jigawa
NG;NG-KD;Kaduna
NG;NG-KE;Kebbi
NG;NG-KN;Kano
NG;NG-KO;Kogi
NG;NG-KT;Katsina
NG;NG-KW;Kwara
NG;NG-LA;Lagos
NG;NG-NA;Nasarawa
NG;NG-NI;Niger
NG;NG-OG;Ogun
NG;NG-ON;Ondo
NG;NG-OS;Osun
NG;NG-OY;Oyo
NG;NG-PL;Plateau
NG;NG-RI;Rivers
NG;NG-SO;Sokoto
NG;NG-TA;Taraba
NG;NG-YO;Yobe
NG;NG-ZA;Zamfara
OM;OM-BJ;Janub al Batinah
OM;OM-BS;Shamal al Batinah
OM;OM-BU;Al Buraymi
OM;OM-DA;Ad Dakhiliyah
OM;OM-MA;Masqat
OM;OM-MU;Musandam
OM;OM-SJ;Janub ash Sharqiyah
OM;OM-SS;Shamal ash Sharqiyah
OM;OM-WU;Al Wusta
OM;OM-ZA;Az Zahirah
OM;OM-ZU;Zufar
PA;PA-1;Bocas del Toro
PA;PA-2;Cocle
PA;PA-3;Colon
PA;PA-4;Chiriqui
PA;PA-5;Darien
PA;PA-6;Herrera
PA;PA-7;Los Santos
PA;PA-8;Panama
PA;PA-9;Veraguas
PA;PA-NB;Ngobe-Bugle
PE;PE-AMA;Amazonas
PE;PE-ANC;Ancash
PE;PE-APU;Apurimac
PE;PE-ARE;Arequipa
PE;PE-AYA;Ayacucho
PE;PE-CAJ;Cajamarca
PE;PE-CAL;El Callao
PE;PE-CUS;Cusco
PE;PE-HUC;Huanuco
PE;PE-HUV;Huancavelica
PE;PE-ICA;Ica
PE;PE-JUN;Junin
PE;PE-LAL;La Libertad
PE;PE-LAM;Lambayeque
PE;PE-LIM;Lima
PE;PE-LOR;Loreto
PE;PE-MDD;Madre de Dios
PE;PE-MOQ;Moquegua
PE;PE-PAS;Pasco
PE;PE-PIU;Piura
PE;PE-PUN;Puno
PE;PE-SAM;San Martin
PE;PE-TAC;Tacna
PE;PE-TUM;Tumbes
PE;PE-UCA;Ucayali
PG;PG-CPK;Chimbu
PG;PG-CPM;Central
PG;PG-EBR;East New Britain
PG;PG-EHG;Eastern Highlands
PG;PG-ESW;East Sepik
PG;PG-MBA;Milne Bay
PG;PG-MPL;Morobe
PG;PG-MPM;Madang
PG;PG-MRL;Manus
PG;PG-NCD;National Capital District (Port Moresby)
PG;PG-NIK;New Ireland
PG;PG-NSB;Bougainville
PG;PG-SAN;West Sepik
PG;PG-SHM;Southern Highlands
PG;PG-WBK;West New Britain
PG;PG-WHM;Western Highlands
PG;PG-WPD;Western
PK;PK-BA;Balochistan
PK;PK-GB;Gilgit-Baltistan
PK;PK-IS;Islamabad
PK;PK-JK;Azad Jammu and Kashmir
PK;PK-KP;Khyber Pakhtunkhwa
PK;PK-PB;Punjab
PK;PK-SD;Sindh
PL;PL-02;Dolnoslaskie
PL;PL-04;Kujawsko-pomorskie
PL;PL-06;Lubelskie
PL;PL-08;Lubuskie
PL;PL-10;Lodzkie
PL;PL-12;Malopolskie
PL;PL-14;Mazowieckie
PL;PL-16;Opolskie
PL;PL-18;Podkarpackie
PL;PL-20;Podlaskie
PL;PL-22;Pomorskie
PL;PL-24;Slaskie
PL;PL-26;Swietokrzyskie
PL;PL-28;Warminsko-mazurskie
PL;PL-30;Wielkopolskie
PL;PL-32;Zachodniopomorskie
PS;PS-BTH;Bethlehem
PS;PS-DEB;Deir El Balah
PS;PS-GZA;Gaza
PS;PS-HBN;Hebron
PS;PS-JEM;Jerusalem
PS;PS-JEN;Jenin
PS;PS-JRH;Jericho and Al Aghwar
PS;PS-KYS;Khan Yunis
PS;PS-NBS;Nablus
PS;PS-QQA;Qalqilya
PS;PS-RBH;Ramallah
PS;PS-RFH;Rafah
PS;PS-SLT;Salfit
PS;PS-TBS;Tubas
PS;PS-TKM;Tulkarm
PT;PT-01;Aveiro
PT;PT-02;Beja
PT;PT-03;Braga
PT;PT-04;Braganca
PT;PT-05;Castelo Branco
PT;PT-06;Coimbra
PT;PT-07;Evora
PT;PT-08;Faro
PT;PT-09;Guarda
PT;PT-10;Leiria
PT;PT-11;Lisboa
PT;PT-12;Portalegre
PT;PT-13;Porto
PT;PT-14;Santarem
PT;PT-15;Setubal
PT;PT-16;Viana do Castelo
PT;PT-17;Vila Real
PT;PT-18;Viseu
PT;PT-20;Regiao Autonoma dos Acores
PT;PT-30;Regiao Autonoma da Madeira
PW;PW-004;Airai
PW;PW-150;Koror
PW;PW-212;Melekeok
PY;PY-1;Concepcion
PY;PY-10;Alto Parana
PY;PY-11;Central
PY;PY-12;Neembucu
PY;PY-13;Amambay
PY;PY-14;Canindeyu
PY;PY-15;Presidente Hayes
PY;PY-19;Boqueron
PY;PY-2;San Pedro
PY;PY-3;Cordillera
PY;PY-4;Guaira
PY;PY-5;Caaguazu
PY;PY-6;Caazapa
PY;PY-7;Itapua
PY;PY-8;Misiones
PY;PY-9;Paraguari
PY;PY-ASU;Asuncion
PH;PH-00;National Capital Region
PH;PH-ABR;Abra
PH;PH-AGN;Agusan del Norte
PH;PH-AGS;Agusan del Sur
PH;PH-AKL;Aklan
PH;PH-ALB;Albay
PH;PH-ANT;Antique
PH;PH-APA;Apayao
PH;PH-AUR;Aurora
PH;PH-BAN;Bataan
PH;PH-BAS;Basilan
PH;PH-BEN;Benguet
PH;PH-BIL;Biliran
PH;PH-BOH;Bohol
PH;PH-BTG;Batangas
PH;PH-BTN;Batanes
PH;PH-BUK;Bukidnon
PH;PH-BUL;Bulacan
PH;PH-CAG;Cagayan
PH;PH-CAM;Camiguin
PH;PH-CAN;Camarines Norte
PH;PH-CAP;Capiz
PH;PH-CAS;Camarines Sur
PH;PH-CAT;Catanduanes
PH;PH-CAV;Cavite
PH;PH-CEB;Cebu
PH;PH-COM;Davao de Oro
PH;PH-DAO;Davao Oriental
PH;PH-DAS;Davao del Sur
PH;PH-DAV;Davao del Norte
PH;PH-DIN;Dinagat Islands
PH;PH-EAS;Eastern Samar
PH;PH-GUI;Guimaras
PH;PH-IFU;Ifugao
PH;PH-ILI;Iloilo
PH;PH-ILN;Ilocos Norte
PH;PH-ILS;Ilocos Sur
PH;PH-ISA;Isabela
PH;PH-KAL;Kalinga
PH;PH-LAG;Laguna
PH;PH-LAN;Lanao del Norte
PH;PH-LAS;Lanao del Sur
PH;PH-LEY;Leyte
PH;PH-LUN;La Union
PH;PH-MAD;Marinduque
PH;PH-MAG;Maguindanao
PH;PH-MAS;Masbate
PH;PH-MDC;Mindoro Occidental
PH;PH-MDR;Mindoro Oriental
PH;PH-MOU;Mountain Province
PH;PH-MSC;Misamis Occidental
PH;PH-MSR;Misamis Oriental
PH;PH-NCO;Cotabato
PH;PH-NEC;Negros Occidental
PH;PH-NER;Negros Oriental
PH;PH-NSA;Northern Samar
PH;PH-NUE;Nueva Ecija
PH;PH-NUV;Nueva Vizcaya
PH;PH-PAM;Pampanga
PH;PH-PAN;Pangasinan
PH;PH-PLW;Palawan
PH;PH-QUE;Quezon
PH;PH-QUI;Quirino
PH;PH-RIZ;Rizal
PH;PH-ROM;Romblon
PH;PH-SAR;Sarangani
PH;PH-SCO;South Cotabato
PH;PH-SIG;Siquijor
PH;PH-SLE;Southern Leyte
PH;PH-SLU;Sulu
PH;PH-SOR;Sorsogon
PH;PH-SUK;Sultan Kudarat
PH;PH-SUN;Surigao del Norte
PH;PH-SUR;Surigao del Sur
PH;PH-TAR;Tarlac
PH;PH-TAW;Tawi-Tawi
PH;PH-WSA;Samar
PH;PH-ZAN;Zamboanga del Norte
PH;PH-ZAS;Zamboanga del Sur
PH;PH-ZMB;Zambales
PH;PH-ZSI;Zamboanga Sibugay
QA;QA-DA;Ad Dawhah
QA;QA-KH;Al Khawr wa adh Dhakhirah
QA;QA-MS;Ash Shamal
QA;QA-RA;Ar Rayyan
QA;QA-US;Umm Salal
QA;QA-WA;Al Wakrah
QA;QA-ZA;Az Za'ayin
RO;RO-AB;Alba
RO;RO-AG;Arges
RO;RO-AR;Arad
RO;RO-B;Bucuresti
RO;RO-BC;Bacau
RO;RO-BH;Bihor
RO;RO-BN;Bistrita-Nasaud
RO;RO-BR;Braila
RO;RO-BT;Botosani
RO;RO-BV;Brasov
RO;RO-BZ;Buzau
RO;RO-CJ;Cluj
RO;RO-CL;Calarasi
RO;RO-CS;Caras-Severin
RO;RO-CT;Constanta
RO;RO-CV;Covasna
RO;RO-DB;Dambovita
RO;RO-DJ;Dolj
RO;RO-GJ;Gorj
RO;RO-GL;Galati
RO;RO-GR;Giurgiu
RO;RO-HD;Hunedoara
RO;RO-HR;Harghita
RO;RO-IF;Ilfov
RO;RO-IL;Ialomita
RO;RO-IS;Iasi
RO;RO-MH;Mehedinti
RO;RO-MM;Maramures
RO;RO-MS;Mures
RO;RO-NT;Neamt
RO;RO-OT;Olt
RO;RO-PH;Prahova
RO;RO-SB;Sibiu
RO;RO-SJ;Salaj
RO;RO-SM;Satu Mare
RO;RO-SV;Suceava
RO;RO-TL;Tulcea
RO;RO-TM;Timis
RO;RO-TR;Teleorman
RO;RO-VL;Valcea
RO;RO-VN;Vrancea
RO;RO-VS;Vaslui
RS;RS-00;Beograd
RS;RS-01;Severnobacki okrug
RS;RS-02;Srednjebanatski okrug
RS;RS-03;Severnobanatski okrug
RS;RS-04;Juznobanatski okrug
RS;RS-05;Zapadnobacki okrug
RS;RS-06;Juznobacki okrug
RS;RS-07;Sremski okrug
RS;RS-08;Macvanski okrug
RS;RS-09;Kolubarski okrug
RS;RS-10;Podunavski okrug
RS;RS-11;Branicevski okrug
RS;RS-12;Sumadijski okrug
RS;RS-13;Pomoravski okrug
RS;RS-14;Borski okrug
RS;RS-15;Zajecarski okrug
RS;RS-16;Zlatiborski okrug
RS;RS-17;Moravicki okrug
RS;RS-18;Raski okrug
RS;RS-19;Rasinski okrug
RS;RS-20;Nisavski okrug
RS;RS-21;Toplicki okrug
RS;RS-22;Pirotski okrug
RS;RS-23;Jablanicki okrug
RS;RS-24;Pcinjski okrug
RS;RS-26;Pecki okrug
RS;RS-27;Prizrenski okrug
RS;RS-28;Kosovsko-Mitrovacki okrug
RU;RU-AD;Adygeya, Respublika
RU;RU-AL;Altay, Respublika
RU;RU-ALT;Altayskiy kray
RU;RU-AMU;Amurskaya oblast'
RU;RU-ARK;Arkhangel'skaya oblast'
RU;RU-AST;Astrakhanskaya oblast'
RU;RU-BA;Bashkortostan, Respublika
RU;RU-BEL;Belgorodskaya oblast'
RU;RU-BRY;Bryanskaya oblast'
RU;RU-BU;Buryatiya, Respublika
RU;RU-CE;Chechenskaya Respublika
RU;RU-CU;Chuvashskaya Respublika
RU;RU-CHE;Chelyabinskaya oblast'
RU;RU-CHU;Chukotskiy avtonomnyy okrug
RU;RU-DA;Dagestan, Respublika
RU;RU-IN;Ingushetiya, Respublika
RU;RU-IRK;Irkutskaya oblast'
RU;RU-IVA;Ivanovskaya oblast'
RU;RU-KAM;Kamchatskiy kray
RU;RU-KB;Kabardino-Balkarskaya Respublika
RU;RU-KC;Karachayevo-Cherkesskaya Respublika
RU;RU-KDA;Krasnodarskiy kray
RU;RU-KEM;Kemerovskaya oblast'
RU;RU-KGD;Kaliningradskaya oblast'
RU;RU-KGN;Kurganskaya oblast'
RU;RU-KIR;Kirovskaya oblast'
RU;RU-KK;Khakasiya, Respublika
RU;RU-KL;Kalmykiya, Respublika
RU;RU-KLU;Kaluzhskaya oblast'
RU;RU-KO;Komi, Respublika
RU;RU-KOS;Kostromskaya oblast'
RU;RU-KR;Kareliya, Respublika
RU;RU-KRS;Kurskaya oblast'
RU;RU-KYA;Krasnoyarskiy kray
RU;RU-KHA;Khabarovskiy kray
RU;RU-KHM;Khanty-Mansiyskiy avtonomnyy okrug
RU;RU-LEN;Leningradskaya oblast'
RU;RU-LIP;Lipetskaya oblast'
RU;RU-MAG;Magadanskaya oblast'
RU;RU-ME;Mariy El, Respublika
RU;RU-MO;Mordoviya, Respublika
RU;RU-MOS;Moskovskaya oblast'
RU;RU-MOW;Moskva
RU;RU-MUR;Murmanskaya oblast'
RU;RU-NEN;Nenetskiy avtonomnyy okrug
RU;RU-NIZ;Nizhegorodskaya oblast'
RU;RU-NVS;Novosibirskaya oblast'
RU;RU-NGR;Novgorodskaya oblast'
RU;RU-OMS;Omskaya oblast'
RU;RU-ORE;Orenburgskaya oblast'
RU;RU-ORL;Orlovskaya oblast'
RU;RU-PER;Permskiy kray
RU;RU-PNZ;Penzenskaya oblast'
RU;RU-PRI;Primorskiy kray
RU;RU-PSK;Pskovskaya oblast'
RU;RU-ROS;Rostovskaya oblast'
RU;RU-RYA;Ryazanskaya oblast'
RU;RU-SA;Saha, Respublika
RU;RU-SAK;Sakhalinskaya oblast'
RU;RU-SAM;Samarskaya oblast'
RU;RU-SAR;Saratovskaya oblast'
RU;RU-SE;Severnaya Osetiya, Respublika
RU;RU-SMO;Smolenskaya oblast'
RU;RU-SPE;Sankt-Peterburg
RU;RU-STA;Stavropol'skiy kray
RU;RU-SVE;Sverdlovskaya oblast'
RU;RU-TA;Tatarstan, Respublika
RU;RU-TAM;Tambovskaya oblast'
RU;RU-TOM;Tomskaya oblast'
RU;RU-TUL;Tul'skaya oblast'
RU;RU-TVE;Tverskaya oblast'
RU;RU-TY;Tyva, Respublika
RU;RU-TYU;Tyumenskaya oblast'
RU;RU-UD;Udmurtskaya Respublika
RU;RU-ULY;Ul'yanovskaya oblast'
RU;RU-VGG;Volgogradskaya oblast'
RU;RU-VLA;Vladimirskaya oblast'
RU;RU-VLG;Vologodskaya oblast'
RU;RU-VOR;Voronezhskaya oblast'
RU;RU-YAN;Yamalo-Nenetskiy avtonomnyy okrug
RU;RU-YAR;Yaroslavskaya oblast'
RU;RU-YEV;Yevreyskaya avtonomnaya oblast'
RU;RU-ZAB;Zabaykal'skiy kray
RW;RW-01;Ville de Kigali
RW;RW-02;Est
RW;RW-03;Nord
RW;RW-04;Ouest
RW;RW-05;Sud
SA;SA-01;Ar Riyad
SA;SA-02;Makkah al Mukarramah
SA;SA-03;Al Madinah al Munawwarah
SA;SA-04;Ash Sharqiyah
SA;SA-05;Al Qasim
SA;SA-06;Ha'il
SA;SA-07;Tabuk
SA;SA-08;Al Hudud ash Shamaliyah
SA;SA-09;Jazan
SA;SA-10;Najran
SA;SA-11;Al Bahah
SA;SA-12;Al Jawf
SA;SA-14;'Asir
SB;SB-CH;Choiseul
SB;SB-GU;Guadalcanal
SB;SB-WE;Western
SC;SC-01;Anse aux Pins
SC;SC-02;Anse Boileau
SC;SC-05;Anse Royale
SC;SC-06;Baie Lazare
SC;SC-07;Baie Sainte Anne
SC;SC-08;Beau Vallon
SC;SC-10;Bel Ombre
SC;SC-11;Cascade
SC;SC-13;Grand Anse Mahe
SC;SC-14;Grand Anse Praslin
SC;SC-15;La Digue
SC;SC-16;English River
SC;SC-20;Pointe Larue
SC;SC-23;Takamaka
SD;SD-DC;Central Darfur
SD;SD-DN;North Darfur
SD;SD-DS;South Darfur
SD;SD-DW;West Darfur
SD;SD-GD;Gedaref
SD;SD-GK;West Kordofan
SD;SD-GZ;Gezira
SD;SD-KA;Kassala
SD;SD-KN;North Kordofan
SD;SD-KS;South Kordofan
SD;SD-KH;Khartoum
SD;SD-NB;Blue Nile
SD;SD-NO;Northern
SD;SD-NR;River Nile
SD;SD-NW;White Nile
SD;SD-RS;Red Sea
SD;SD-SI;Sennar
SE;SE-AB;Stockholms lan
SE;SE-AC;Vasterbottens lan
SE;SE-BD;Norrbottens lan
SE;SE-C;Uppsala lan
SE;SE-D;Sodermanlands lan
SE;SE-E;Ostergotlands lan
SE;SE-F;Jonkopings lan
SE;SE-G;Kronobergs lan
SE;SE-H;Kalmar lan
SE;SE-I;Gotlands lan
SE;SE-K;Blekinge lan
SE;SE-M;Skane lan
SE;SE-N;Hallands lan
SE;SE-O;Vastra Gotalands lan
SE;SE-S;Varmlands lan
SE;SE-T;Orebro lan
SE;SE-U;Vastmanlands lan
SE;SE-W;Dalarnas lan
SE;SE-X;Gavleborgs lan
SE;SE-Y;Vasternorrlands lan
SE;SE-Z;Jamtlands lan
SH;SH-HL;Saint Helena
SI;SI-001;Ajdovscina
SI;SI-002;Beltinci
SI;SI-003;Bled
SI;SI-004;Bohinj
SI;SI-005;Borovnica
SI;SI-006;Bovec
SI;SI-007;Brda
SI;SI-008;Brezovica
SI;SI-009;Brezice
SI;SI-010;Tisina
SI;SI-011;Celje
SI;SI-012;Cerklje na Gorenjskem
SI;SI-013;Cerknica
SI;SI-014;Cerkno
SI;SI-015;Crensovci
SI;SI-017;Crnomelj
SI;SI-018;Destrnik
SI;SI-019;Divaca
SI;SI-020;Dobrepolje
SI;SI-021;Dobrova-Polhov Gradec
SI;SI-023;Domzale
SI;SI-024;Dornava
SI;SI-025;Dravograd
SI;SI-026;Duplek
SI;SI-029;Gornja Radgona
SI;SI-031;Gornji Petrovci
SI;SI-032;Grosuplje
SI;SI-033;Salovci
SI;SI-034;Hrastnik
SI;SI-035;Hrpelje-Kozina
SI;SI-036;Idrija
SI;SI-037;Ig
SI;SI-038;Ilirska Bistrica
SI;SI-039;Ivancna Gorica
SI;SI-040;Izola
SI;SI-041;Jesenice
SI;SI-042;Jursinci
SI;SI-043;Kamnik
SI;SI-044;Kanal
SI;SI-045;Kidricevo
SI;SI-046;Kobarid
SI;SI-047;Kobilje
SI;SI-048;Kocevje
SI;SI-049;Komen
SI;SI-050;Koper
SI;SI-052;Kranj
SI;SI-053;Kranjska Gora
SI;SI-054;Krsko
SI;SI-055;Kungota
SI;SI-056;Kuzma
SI;SI-057;Lasko
SI;SI-058;Lenart
SI;SI-059;Lendava
SI;SI-060;Litija
SI;SI-061;Ljubljana
SI;SI-063;Ljutomer
SI;SI-064;Logatec
SI;SI-065;Loska dolina
SI;SI-066;Loski Potok
SI;SI-067;Luce
SI;SI-068;Lukovica
SI;SI-069;Majsperk
SI;SI-070;Maribor
SI;SI-071;Medvode
SI;SI-072;Menges
SI;SI-073;Metlika
SI;SI-074;Mezica
SI;SI-075;Miren-Kostanjevica
SI;SI-076;Mislinja
SI;SI-077;Moravce
SI;SI-079;Mozirje
SI;SI-080;Murska Sobota
SI;SI-081;Muta
SI;SI-082;Naklo
SI;SI-083;Nazarje
SI;SI-084;Nova Gorica
SI;SI-085;Novo Mesto
SI;SI-086;Odranci
SI;SI-087;Ormoz
SI;SI-090;Piran
SI;SI-091;Pivka
SI;SI-092;Podcetrtek
SI;SI-094;Postojna
SI;SI-095;Preddvor
SI;SI-096;Ptuj
SI;SI-097;Puconci
SI;SI-098;Race-Fram
SI;SI-099;Radece
SI;SI-100;Radenci
SI;SI-101;Radlje ob Dravi
SI;SI-102;Radovljica
SI;SI-103;Ravne na Koroskem
SI;SI-104;Ribnica
SI;SI-105;Rogasovci
SI;SI-106;Rogaska Slatina
SI;SI-108;Ruse
SI;SI-109;Semic
SI;SI-110;Sevnica
SI;SI-111;Sezana
SI;SI-112;Slovenj Gradec
SI;SI-113;Slovenska Bistrica
SI;SI-114;Slovenske Konjice
SI;SI-115;Starse
SI;SI-116;Sveti Jurij ob Scavnici
SI;SI-117;Sencur
SI;SI-118;Sentilj
SI;SI-119;Sentjernej
SI;SI-120;Sentjur
SI;SI-121;Skocjan
SI;SI-122;Skofja Loka
SI;SI-123;Skofljica
SI;SI-124;Smarje pri Jelsah
SI;SI-125;Smartno ob Paki
SI;SI-126;Sostanj
SI;SI-127;Store
SI;SI-128;Tolmin
SI;SI-129;Trbovlje
SI;SI-130;Trebnje
SI;SI-131;Trzic
SI;SI-132;Turnisce
SI;SI-133;Velenje
SI;SI-134;Velike Lasce
SI;SI-135;Videm
SI;SI-136;Vipava
SI;SI-137;Vitanje
SI;SI-138;Vodice
SI;SI-139;Vojnik
SI;SI-140;Vrhnika
SI;SI-141;Vuzenica
SI;SI-142;Zagorje ob Savi
SI;SI-143;Zavrc
SI;SI-144;Zrece
SI;SI-146;Zelezniki
SI;SI-147;Ziri
SI;SI-148;Benedikt
SI;SI-149;Bistrica ob Sotli
SI;SI-150;Bloke
SI;SI-151;Braslovce
SI;SI-152;Cankova
SI;SI-154;Dobje
SI;SI-155;Dobrna
SI;SI-156;Dobrovnik
SI;SI-158;Grad
SI;SI-159;Hajdina
SI;SI-160;Hoce-Slivnica
SI;SI-161;Hodos
SI;SI-162;Horjul
SI;SI-164;Komenda
SI;SI-165;Kostel
SI;SI-166;Krizevci
SI;SI-167;Lovrenc na Pohorju
SI;SI-168;Markovci
SI;SI-169;Miklavz na Dravskem polju
SI;SI-170;Mirna Pec
SI;SI-171;Oplotnica
SI;SI-172;Podlehnik
SI;SI-173;Polzela
SI;SI-174;Prebold
SI;SI-175;Prevalje
SI;SI-176;Razkrizje
SI;SI-179;Sodrazica
SI;SI-180;Solcava
SI;SI-182;Sveti Andraz v Slovenskih Goricah
SI;SI-183;Sempeter-Vrtojba
SI;SI-184;Tabor
SI;SI-185;Trnovska Vas
SI;SI-186;Trzin
SI;SI-187;Velika Polana
SI;SI-188;Verzej
SI;SI-189;Vransko
SI;SI-190;Zalec
SI;SI-191;Zetale
SI;SI-193;Zuzemberk
SI;SI-194;Smartno pri Litiji
SI;SI-195;Apace
SI;SI-196;Cirkulane
SI;SI-197;Kosanjevica na Krki
SI;SI-198;Makole
SI;SI-199;Mokronog-Trebelno
SI;SI-200;Poljcane
SI;SI-201;Rence-Vogrsko
SI;SI-203;Straza
SI;SI-204;Sveta Trojica v Slovenskih goricah
SI;SI-205;Sveti Tomaz
SI;SI-206;Smarjeske Toplice
SI;SI-207;Gorje
SI;SI-208;Log-Dragomer
SI;SI-209;Recica ob Savinji
SI;SI-210;Sveti Jurij v Slovenskih goricah
SI;SI-211;Sentrupert
SI;SI-212;Mirna
SI;SI-213;Ankaran
SK;SK-BC;Banskobystricky kraj
SK;SK-BL;Bratislavsky kraj
SK;SK-KI;Kosicky kraj
SK;SK-NI;Nitriansky kraj
SK;SK-PV;Presovsky kraj
SK;SK-TA;Trnavsky kraj
SK;SK-TC;Trenciansky kraj
SK;SK-ZI;Zilinsky kraj
SL;SL-E;Eastern
SL;SL-N;Northern
SL;SL-NW;North Western
SL;SL-S;Southern
SL;SL-W;Western Area
SM;SM-02;Chiesanuova
SM;SM-04;Faetano
SM;SM-07;Citta di San Marino
SM;SM-09;Serravalle
SN;SN-DB;Diourbel
SN;SN-DK;Dakar
SN;SN-FK;Fatick
SN;SN-KA;Kaffrine
SN;SN-KD;Kolda
SN;SN-KE;Kedougou
SN;SN-KL;Kaolack
SN;SN-LG;Louga
SN;SN-MT;Matam
SN;SN-SE;Sedhiou
SN;SN-SL;Saint-Louis
SN;SN-TC;Tambacounda
SN;SN-TH;Thies
SN;SN-ZG;Ziguinchor
SO;SO-AW;Awdal
SO;SO-BN;Banaadir
SO;SO-BR;Bari
SO;SO-BY;Bay
SO;SO-GA;Galguduud
SO;SO-HI;Hiiraan
SO;SO-JH;Jubbada Hoose
SO;SO-MU;Mudug
SO;SO-NU;Nugaal
SO;SO-SH;Shabeellaha Hoose
SO;SO-SO;Sool
SO;SO-TO;Togdheer
SO;SO-WO;Woqooyi Galbeed
SR;SR-BR;Brokopondo
SR;SR-CM;Commewijne
SR;SR-CR;Coronie
SR;SR-NI;Nickerie
SR;SR-PM;Paramaribo
SR;SR-PR;Para
SR;SR-SA;Saramacca
SR;SR-SI;Sipaliwini
SR;SR-WA;Wanica
SS;SS-BN;Northern Bahr el Ghazal
SS;SS-EC;Central Equatoria
SS;SS-EE;Eastern Equatoria
SS;SS-EW;Western Equatoria
SS;SS-NU;Upper Nile
SS;SS-UY;Unity
ST;ST-01;Agua Grande
SV;SV-AH;Ahuachapan
SV;SV-CA;Cabanas
SV;SV-CU;Cuscatlan
SV;SV-CH;Chalatenango
SV;SV-LI;La Libertad
SV;SV-MO;Morazan
SV;SV-PA;La Paz
SV;SV-SA;Santa Ana
SV;SV-SM;San Miguel
SV;SV-SO;Sonsonate
SV;SV-SS;San Salvador
SV;SV-SV;San Vicente
SV;SV-UN;La Union
SV;SV-US;Usulutan
SY;SY-DI;Dimashq
SY;SY-DR;Dar'a
SY;SY-DY;Dayr az Zawr
SY;SY-HA;Al Hasakah
SY;SY-HI;Hims
SY;SY-HL;Halab
SY;SY-HM;Hamah
SY;SY-ID;Idlib
SY;SY-LA;Al Ladhiqiyah
SY;SY-QU;Al Qunaytirah
SY;SY-RA;Ar Raqqah
SY;SY-RD;Rif Dimashq
SY;SY-SU;As Suwayda'
SY;SY-TA;Tartus
SZ;SZ-HH;Hhohho
SZ;SZ-LU;Lubombo
SZ;SZ-MA;Manzini
TD;TD-BG;Bahr el Ghazal
TD;TD-CB;Chari-Baguirmi
TD;TD-GR;Guera
TD;TD-LC;Lac
TD;TD-LR;Logone-Oriental
TD;TD-ND;Ville de Ndjamena
TD;TD-OD;Ouaddai
TG;TG-C;Centrale
TG;TG-K;Kara
TG;TG-M;Maritime
TG;TG-P;Plateaux
TG;TG-S;Savanes
TJ;TJ-DU;Dushanbe
TJ;TJ-GB;Kuhistoni Badakhshon
TJ;TJ-KT;Khatlon
TJ;TJ-RA;Nohiyahoi Tobei Jumhuri
TJ;TJ-SU;Sughd
TL;TL-AL;Aileu
TL;TL-AN;Ainaro
TL;TL-CO;Cova Lima
TL;TL-DI;Dili
TL;TL-LI;Liquica
TM;TM-A;Ahal
TM;TM-B;Balkan
TM;TM-D;Dasoguz
TM;TM-L;Lebap
TM;TM-M;Mary
TN;TN-11;Tunis
TN;TN-12;L'Ariana
TN;TN-13;Ben Arous
TN;TN-14;La Manouba
TN;TN-21;Nabeul
TN;TN-22;Zaghouan
TN;TN-23;Bizerte
TN;TN-31;Beja
TN;TN-32;Jendouba
TN;TN-33;Le Kef
TN;TN-34;Siliana
TN;TN-41;Kairouan
TN;TN-42;Kasserine
TN;TN-43;Sidi Bouzid
TN;TN-51;Sousse
TN;TN-52;Monastir
TN;TN-53;Mahdia
TN;TN-61;Sfax
TN;TN-71;Gafsa
TN;TN-72;Tozeur
TN;TN-73;Kebili
TN;TN-81;Gabes
TN;TN-82;Medenine
TN;TN-83;Tataouine
TO;TO-01;'Eua
TO;TO-02;Ha'apai
TO;TO-03;Niuas
TO;TO-04;Tongatapu
TO;TO-05;Vava'u
TT;TT-ARI;Arima
TT;TT-CTT;Couva-Tabaquite-Talparo
TT;TT-CHA;Chaguanas
TT;TT-DMN;Diego Martin
TT;TT-MRC;Mayaro-Rio Claro
TT;TT-PED;Penal-Debe
TT;TT-POS;Port of Spain
TT;TT-PRT;Princes Town
TT;TT-PTF;Point Fortin
TT;TT-SFO;San Fernando
TT;TT-SGE;Sangre Grande
TT;TT-SIP;Siparia
TT;TT-SJL;San Juan-Laventille
TT;TT-TOB;Tobago
TT;TT-TUP;Tunapuna-Piarco
TV;TV-FUN;Funafuti
TW;TW-CYQ;Chiayi
TW;TW-CHA;Changhua
TW;TW-HSQ;Hsinchu
TW;TW-HUA;Hualien
TW;TW-ILA;Yilan
TW;TW-KEE;Keelung
TW;TW-KIN;Kinmen
TW;TW-KHH;Kaohsiung
TW;TW-LIE;Lienchiang
TW;TW-MIA;Miaoli
TW;TW-NAN;Nantou
TW;TW-NWT;New Taipei
TW;TW-PEN;Penghu
TW;TW-PIF;Pingtung
TW;TW-TAO;Taoyuan
TW;TW-TNN;Tainan
TW;TW-TPE;Taipei
TW;TW-TTT;Taitung
TW;TW-TXG;Taichung
TW;TW-YUN;Yunlin
TZ;TZ-01;Arusha
TZ;TZ-02;Dar es Salaam
TZ;TZ-03;Dodoma
TZ;TZ-04;Iringa
TZ;TZ-05;Kagera
TZ;TZ-06;Kaskazini Pemba
TZ;TZ-07;Kaskazini Unguja
TZ;TZ-08;Kigoma
TZ;TZ-09;Kilimanjaro
TZ;TZ-10;Kusini Pemba
TZ;TZ-11;Kusini Unguja
TZ;TZ-12;Lindi
TZ;TZ-13;Mara
TZ;TZ-14;Mbeya
TZ;TZ-15;Mjini Magharibi
TZ;TZ-16;Morogoro
TZ;TZ-17;Mtwara
TZ;TZ-18;Mwanza
TZ;TZ-19;Pwani
TZ;TZ-20;Rukwa
TZ;TZ-21;Ruvuma
TZ;TZ-22;Shinyanga
TZ;TZ-23;Singida
TZ;TZ-24;Tabora
TZ;TZ-25;Tanga
TZ;TZ-26;Manyara
TZ;TZ-27;Geita
TZ;TZ-28;Katavi
TZ;TZ-29;Njombe
TZ;TZ-30;Simiyu
TZ;TZ-31;Songwe
TH;TH-10;Krung Thep Maha Nakhon
TH;TH-11;Samut Prakan
TH;TH-12;Nonthaburi
TH;TH-13;Pathum Thani
TH;TH-14;Phra Nakhon Si Ayutthaya
TH;TH-15;Ang Thong
TH;TH-16;Lop Buri
TH;TH-17;Sing Buri
TH;TH-18;Chai Nat
TH;TH-19;Saraburi
TH;TH-20;Chon Buri
TH;TH-21;Rayong
TH;TH-22;Chanthaburi
TH;TH-23;Trat
TH;TH-24;Chachoengsao
TH;TH-25;Prachin Buri
TH;TH-26;Nakhon Nayok
TH;TH-27;Sa Kaeo
TH;TH-30;Nakhon Ratchasima
TH;TH-31;Buri Ram
TH;TH-32;Surin
TH;TH-33;Si Sa Ket
TH;TH-34;Ubon Ratchathani
TH;TH-35;Yasothon
TH;TH-36;Chaiyaphum
TH;TH-37;Amnat Charoen
TH;TH-38;Bueng Kan
TH;TH-39;Nong Bua Lam Phu
TH;TH-40;Khon Kaen
TH;TH-41;Udon Thani
TH;TH-42;Loei
TH;TH-43;Nong Khai
TH;TH-44;Maha Sarakham
TH;TH-45;Roi Et
TH;TH-46;Kalasin
TH;TH-47;Sakon Nakhon
TH;TH-48;Nakhon Phanom
TH;TH-49;Mukdahan
TH;TH-50;Chiang Mai
TH;TH-51;Lamphun
TH;TH-52;Lampang
TH;TH-53;Uttaradit
TH;TH-54;Phrae
TH;TH-55;Nan
TH;TH-56;Phayao
TH;TH-57;Chiang Rai
TH;TH-58;Mae Hong Son
TH;TH-60;Nakhon Sawan
TH;TH-61;Uthai Thani
TH;TH-62;Kamphaeng Phet
TH;TH-63;Tak
TH;TH-64;Sukhothai
TH;TH-65;Phitsanulok
TH;TH-66;Phichit
TH;TH-67;Phetchabun
TH;TH-70;Ratchaburi
TH;TH-71;Kanchanaburi
TH;TH-72;Suphan Buri
TH;TH-73;Nakhon Pathom
TH;TH-74;Samut Sakhon
TH;TH-75;Samut Songkhram
TH;TH-76;Phetchaburi
TH;TH-77;Prachuap Khiri Khan
TH;TH-80;Nakhon Si Thammarat
TH;TH-81;Krabi
TH;TH-82;Phangnga
TH;TH-83;Phuket
TH;TH-84;Surat Thani
TH;TH-85;Ranong
TH;TH-86;Chumphon
TH;TH-90;Songkhla
TH;TH-91;Satun
TH;TH-92;Trang
TH;TH-93;Phatthalung
TH;TH-94;Pattani
TH;TH-95;Yala
TH;TH-96;Narathiwat
TR;TR-01;Adana
TR;TR-02;Adiyaman
TR;TR-03;Afyonkarahisar
TR;TR-04;Agri
TR;TR-05;Amasya
TR;TR-06;Ankara
TR;TR-07;Antalya
TR;TR-08;Artvin
TR;TR-09;Aydin
TR;TR-10;Balikesir
TR;TR-11;Bilecik
TR;TR-12;Bingol
TR;TR-13;Bitlis
TR;TR-14;Bolu
TR;TR-15;Burdur
TR;TR-16;Bursa
TR;TR-17;Canakkale
TR;TR-18;Cankiri
TR;TR-19;Corum
TR;TR-20;Denizli
TR;TR-21;Diyarbakir
TR;TR-22;Edirne
TR;TR-23;Elazig
TR;TR-24;Erzincan
TR;TR-25;Erzurum
TR;TR-26;Eskisehir
TR;TR-27;Gaziantep
TR;TR-28;Giresun
TR;TR-29;Gumushane
TR;TR-30;Hakkari
TR;TR-31;Hatay
TR;TR-32;Isparta
TR;TR-33;Mersin
TR;TR-34;Istanbul
TR;TR-35;Izmir
TR;TR-36;Kars
TR;TR-37;Kastamonu
TR;TR-38;Kayseri
TR;TR-39;Kirklareli
TR;TR-40;Kirsehir
TR;TR-41;Kocaeli
TR;TR-42;Konya
TR;TR-43;Kutahya
TR;TR-44;Malatya
TR;TR-45;Manisa
TR;TR-46;Kahramanmaras
TR;TR-47;Mardin
TR;TR-48;Mugla
TR;TR-49;Mus
TR;TR-50;Nevsehir
TR;TR-51;Nigde
TR;TR-52;Ordu
TR;TR-53;Rize
TR;TR-54;Sakarya
TR;TR-55;Samsun
TR;TR-56;Siirt
TR;TR-57;Sinop
TR;TR-58;Sivas
TR;TR-59;Tekirdag
TR;TR-60;Tokat
TR;TR-61;Trabzon
TR;TR-62;Tunceli
TR;TR-63;Sanliurfa
TR;TR-64;Usak
TR;TR-65;Van
TR;TR-66;Yozgat
TR;TR-67;Zonguldak
TR;TR-68;Aksaray
TR;TR-69;Bayburt
TR;TR-70;Karaman
TR;TR-71;Kirikkale
TR;TR-72;Batman
TR;TR-73;Sirnak
TR;TR-74;Bartin
TR;TR-75;Ardahan
TR;TR-76;Igdir
TR;TR-77;Yalova
TR;TR-78;Karabuk
TR;TR-79;Kilis
TR;TR-80;Osmaniye
TR;TR-81;Duzce
UA;UA-05;Vinnytska oblast
UA;UA-07;Volynska oblast
UA;UA-09;Luhanska oblast
UA;UA-12;Dnipropetrovska oblast
UA;UA-14;Donetska oblast
UA;UA-18;Zhytomyrska oblast
UA;UA-21;Zakarpatska oblast
UA;UA-23;Zaporizka oblast
UA;UA-26;Ivano-Frankivska oblast
UA;UA-30;Kyiv
UA;UA-32;Kyivska oblast
UA;UA-35;Kirovohradska oblast
UA;UA-40;Sevastopol
UA;UA-43;Avtonomna Respublika Krym
UA;UA-46;Lvivska oblast
UA;UA-48;Mykolaivska oblast
UA;UA-51;Odeska oblast
UA;UA-53;Poltavska oblast
UA;UA-56;Rivnenska oblast
UA;UA-59;Sumska oblast
UA;UA-61;Ternopilska oblast
UA;UA-63;Kharkivska oblast
UA;UA-65;Khersonska oblast
UA;UA-68;Khmelnytska oblast
UA;UA-71;Cherkaska oblast
UA;UA-74;Chernihivska oblast
UA;UA-77;Chernivetska oblast
UG;UG-101;Kalangala
UG;UG-102;Kampala
UG;UG-103;Kiboga
UG;UG-104;Luwero
UG;UG-105;Masaka
UG;UG-106;Mpigi
UG;UG-107;Mubende
UG;UG-108;Mukono
UG;UG-109;Nakasongola
UG;UG-110;Rakai
UG;UG-111;Sembabule
UG;UG-112;Kayunga
UG;UG-113;Wakiso
UG;UG-114;Lyantonde
UG;UG-115;Mityana
UG;UG-116;Nakaseke
UG;UG-117;Buikwe
UG;UG-118;Bukomansibi
UG;UG-120;Buvuma
UG;UG-121;Gomba
UG;UG-122;Kalungu
UG;UG-123;Kyankwanzi
UG;UG-124;Lwengo
UG;UG-201;Bugiri
UG;UG-202;Busia
UG;UG-203;Iganga
UG;UG-204;Jinja
UG;UG-205;Kamuli
UG;UG-206;Kapchorwa
UG;UG-207;Katakwi
UG;UG-209;Mbale
UG;UG-211;Soroti
UG;UG-212;Tororo
UG;UG-213;Kaberamaido
UG;UG-214;Mayuge
UG;UG-215;Sironko
UG;UG-218;Bududa
UG;UG-219;Bukedea
UG;UG-222;Kaliro
UG;UG-223;Manafwa
UG;UG-225;Bulambuli
UG;UG-226;Buyende
UG;UG-227;Kibuku
UG;UG-228;Kween
UG;UG-229;Luuka
UG;UG-230;Namayingo
UG;UG-301;Adjumani
UG;UG-302;Apac
UG;UG-303;Arua
UG;UG-304;Gulu
UG;UG-305;Kitgum
UG;UG-307;Lira
UG;UG-308;Moroto
UG;UG-309;Moyo
UG;UG-310;Nebbi
UG;UG-311;Nakapiripirit
UG;UG-312;Pader
UG;UG-313;Yumbe
UG;UG-314;Abim
UG;UG-318;Kaabong
UG;UG-319;Koboko
UG;UG-320;Maracha
UG;UG-321;Oyam
UG;UG-322;Agago
UG;UG-323;Alebtong
UG;UG-325;Kole
UG;UG-326;Lamwo
UG;UG-327;Napak
UG;UG-328;Nwoya
UG;UG-330;Zombo
UG;UG-401;Bundibugyo
UG;UG-402;Bushenyi
UG;UG-403;Hoima
UG;UG-404;Kabale
UG;UG-405;Kabarole
UG;UG-406;Kasese
UG;UG-407;Kibaale
UG;UG-408;Kisoro
UG;UG-409;Masindi
UG;UG-410;Mbarara
UG;UG-411;Ntungamo
UG;UG-412;Rukungiri
UG;UG-413;Kamwenge
UG;UG-414;Kanungu
UG;UG-415;Kyenjojo
UG;UG-417;Ibanda
UG;UG-418;Isingiro
UG;UG-419;Kiruhura
UG;UG-420;Buhweju
UG;UG-421;Kiryandongo
UG;UG-422;Kyegegwa
UG;UG-423;Mitooma
UG;UG-424;Ntoroko
UG;UG-425;Rubirizi
UG;UG-426;Sheema
UM;UM-95;Palmyra Atoll
US;US-AK;Alaska
US;US-AL;Alabama
US;US-AR;Arkansas
US;US-AZ;Arizona
US;US-CA;California
US;US-CO;Colorado
US;US-CT;Connecticut
US;US-DC;District of Columbia
US;US-DE;Delaware
US;US-FL;Florida
US;US-GA;Georgia
US;US-HI;Hawaii
US;US-IA;Iowa
US;US-ID;Idaho
US;US-IL;Illinois
US;US-IN;Indiana
US;US-KS;Kansas
US;US-KY;Kentucky
US;US-LA;Louisiana
US;US-MA;Massachusetts
US;US-MD;Maryland
US;US-ME;Maine
US;US-MI;Michigan
US;US-MN;Minnesota
US;US-MO;Missouri
US;US-MS;Mississippi
US;US-MT;Montana
US;US-NC;North Carolina
US;US-ND;North Dakota
US;US-NE;Nebraska
US;US-NJ;New Jersey
US;US-NM;New Mexico
US;US-NV;Nevada
US;US-NY;New York
US;US-NH;New Hampshire
US;US-OH;Ohio
US;US-OK;Oklahoma
US;US-OR;Oregon
US;US-PA;Pennsylvania
US;US-RI;Rhode Island
US;US-SC;South Carolina
US;US-SD;South Dakota
US;US-TN;Tennessee
US;US-TX;Texas
US;US-UT;Utah
US;US-VA;Virginia
US;US-VT;Vermont
US;US-WA;Washington
US;US-WI;Wisconsin
US;US-WV;West Virginia
US;US-WY;Wyoming
UY;UY-AR;Artigas
UY;UY-CA;Canelones
UY;UY-CL;Cerro Largo
UY;UY-CO;Colonia
UY;UY-DU;Durazno
UY;UY-FD;Florida
UY;UY-FS;Flores
UY;UY-LA;Lavalleja
UY;UY-MA;Maldonado
UY;UY-MO;Montevideo
UY;UY-PA;Paysandu
UY;UY-RN;Rio Negro
UY;UY-RO;Rocha
UY;UY-RV;Rivera
UY;UY-SA;Salto
UY;UY-SJ;San Jose
UY;UY-SO;Soriano
UY;UY-TA;Tacuarembo
UY;UY-TT;Treinta y Tres
UZ;UZ-AN;Andijon
UZ;UZ-BU;Buxoro
UZ;UZ-FA;Farg'ona
UZ;UZ-JI;Jizzax
UZ;UZ-NW;Navoiy
UZ;UZ-NG;Namangan
UZ;UZ-QA;Qashqadaryo
UZ;UZ-QR;Qoraqalpog'iston Respublikasi
UZ;UZ-SA;Samarqand
UZ;UZ-SI;Sirdaryo
UZ;UZ-SU;Surxondaryo
UZ;UZ-TK;Toshkent
UZ;UZ-XO;Xorazm
VC;VC-01;Charlotte
VC;VC-04;Saint George
VC;VC-05;Saint Patrick
VC;VC-06;Grenadines
VE;VE-A;Distrito Capital
VE;VE-B;Anzoategui
VE;VE-C;Apure
VE;VE-D;Aragua
VE;VE-E;Barinas
VE;VE-F;Bolivar
VE;VE-G;Carabobo
VE;VE-H;Cojedes
VE;VE-I;Falcon
VE;VE-J;Guarico
VE;VE-K;Lara
VE;VE-L;Merida
VE;VE-M;Miranda
VE;VE-N;Monagas
VE;VE-O;Nueva Esparta
VE;VE-P;Portuguesa
VE;VE-R;Sucre
VE;VE-S;Tachira
VE;VE-T;Trujillo
VE;VE-U;Yaracuy
VE;VE-V;Zulia
VE;VE-W;Dependencias Federales
VE;VE-X;La Guaira
VE;VE-Y;Delta Amacuro
VE;VE-Z;Amazonas
VN;VN-01;Lai Chau
VN;VN-02;Lao Cai
VN;VN-03;Ha Giang
VN;VN-04;Cao Bang
VN;VN-05;Son La
VN;VN-06;Yen Bai
VN;VN-07;Tuyen Quang
VN;VN-09;Lang Son
VN;VN-13;Quang Ninh
VN;VN-14;Hoa Binh
VN;VN-18;Ninh Binh
VN;VN-20;Thai Binh
VN;VN-21;Thanh Hoa
VN;VN-22;Nghe An
VN;VN-23;Ha Tinh
VN;VN-24;Quang Binh
VN;VN-25;Quang Tri
VN;VN-26;Thua Thien-Hue
VN;VN-27;Quang Nam
VN;VN-28;Kon Tum
VN;VN-29;Quang Ngai
VN;VN-30;Gia Lai
VN;VN-31;Binh Dinh
VN;VN-32;Phu Yen
VN;VN-33;Dak Lak
VN;VN-34;Khanh Hoa
VN;VN-35;Lam Dong
VN;VN-36;Ninh Thuan
VN;VN-37;Tay Ninh
VN;VN-39;Dong Nai
VN;VN-40;Binh Thuan
VN;VN-41;Long An
VN;VN-43;Ba Ria - Vung Tau
VN;VN-44;An Giang
VN;VN-45;Dong Thap
VN;VN-46;Tien Giang
VN;VN-47;Kien Giang
VN;VN-49;Vinh Long
VN;VN-50;Ben Tre
VN;VN-51;Tra Vinh
VN;VN-52;Soc Trang
VN;VN-53;Bac Kan
VN;VN-54;Bac Giang
VN;VN-55;Bac Lieu
VN;VN-56;Bac Ninh
VN;VN-57;Binh Duong
VN;VN-58;Binh Phuoc
VN;VN-59;Ca Mau
VN;VN-61;Hai Duong
VN;VN-63;Ha Nam
VN;VN-66;Hung Yen
VN;VN-67;Nam Dinh
VN;VN-68;Phu Tho
VN;VN-69;Thai Nguyen
VN;VN-70;Vinh Phuc
VN;VN-71;Dien Bien
VN;VN-72;Dak Nong
VN;VN-73;Hau Giang
VN;VN-CT;Can Tho
VN;VN-DN;Da Nang
VN;VN-HN;Ha Noi
VN;VN-HP;Hai Phong
VN;VN-SG;Ho Chi Minh
VU;VU-SAM;Sanma
VU;VU-SEE;Shefa
VU;VU-TAE;Tafea
VU;VU-TOB;Torba
WF;WF-SG;Sigave
WF;WF-UV;Uvea
WS;WS-AT;Atua
WS;WS-FA;Fa'asaleleaga
WS;WS-GI;Gagaifomauga
WS;WS-TU;Tuamasaga
YE;YE-AD;'Adan
YE;YE-AM;'Amran
YE;YE-BA;Al Bayda'
YE;YE-DA;Ad Dali'
YE;YE-DH;Dhamar
YE;YE-HD;Hadramawt
YE;YE-HJ;Hajjah
YE;YE-HU;Al Hudaydah
YE;YE-IB;Ibb
YE;YE-JA;Al Jawf
YE;YE-LA;Lahij
YE;YE-MA;Ma'rib
YE;YE-MW;Al Mahwit
YE;YE-RA;Raymah
YE;YE-SA;Amanat al 'Asimah
YE;YE-SD;Sa'dah
YE;YE-SH;Shabwah
YE;YE-SN;San'a'
YE;YE-TA;Ta'izz
ZA;ZA-EC;Eastern Cape
ZA;ZA-FS;Free State
ZA;ZA-GP;Gauteng
ZA;ZA-KZN;Kwazulu-Natal
ZA;ZA-LP;Limpopo
ZA;ZA-MP;Mpumalanga
ZA;ZA-NC;Northern Cape
ZA;ZA-NW;North-West
ZA;ZA-WC;Western Cape
ZM;ZM-01;Western
ZM;ZM-02;Central
ZM;ZM-03;Eastern
ZM;ZM-04;Luapula
ZM;ZM-05;Northern
ZM;ZM-06;North-Western
ZM;ZM-07;Southern
ZM;ZM-08;Copperbelt
ZM;ZM-09;Lusaka
ZM;ZM-10;Muchinga
ZW;ZW-BU;Bulawayo
ZW;ZW-HA;Harare
ZW;ZW-MA;Manicaland
ZW;ZW-MC;Mashonaland Central
ZW;ZW-ME;Mashonaland East
ZW;ZW-MI;Midlands
ZW;ZW-MN;Matabeleland North
ZW;ZW-MS;Matabeleland South
ZW;ZW-MV;Masvingo
ZW;ZW-MW;Mashonaland West
